jp_philosopher,jp_work,jp_chars,sep_slug,sep_chars,similarity
Nishida Kitarō / 西田幾多郎,"善の研究 (An Inquiry into the Good, 1911)",124635,abelard,89142,0.7199
Nishida Kitarō / 西田幾多郎,"善の研究 (An Inquiry into the Good, 1911)",124635,abner-burgos,38237,0.5618
Nishida Kitarō / 西田幾多郎,"善の研究 (An Inquiry into the Good, 1911)",124635,abrabanel,57531,0.6601
Nishida Kitarō / 西田幾多郎,"善の研究 (An Inquiry into the Good, 1911)",124635,abraham-daud,60460,0.6006
Nishida Kitarō / 西田幾多郎,"善の研究 (An Inquiry into the Good, 1911)",124635,abu-bakr-al-razi,47989,0.5542
Nishida Kitarō / 西田幾多郎,"善の研究 (An Inquiry into the Good, 1911)",124635,addams-jane,73923,0.4916
Nishida Kitarō / 西田幾多郎,"善の研究 (An Inquiry into the Good, 1911)",124635,adorno,129793,0.6633
Nishida Kitarō / 西田幾多郎,"善の研究 (An Inquiry into the Good, 1911)",124635,agrippa-nettesheim,75671,0.642
Nishida Kitarō / 西田幾多郎,"善の研究 (An Inquiry into the Good, 1911)",124635,al-baghdadi,83713,0.5546
Nishida Kitarō / 西田幾多郎,"善の研究 (An Inquiry into the Good, 1911)",124635,al-din-al-razi,83443,0.6441
Nishida Kitarō / 西田幾多郎,"善の研究 (An Inquiry into the Good, 1911)",124635,al-farabi,47405,0.4263
Nishida Kitarō / 西田幾多郎,"善の研究 (An Inquiry into the Good, 1911)",124635,al-ghazali,101966,0.5334
Nishida Kitarō / 西田幾多郎,"善の研究 (An Inquiry into the Good, 1911)",124635,al-kindi,58692,0.6438
Nishida Kitarō / 西田幾多郎,"善の研究 (An Inquiry into the Good, 1911)",124635,alain-locke,96958,0.6591
Nishida Kitarō / 西田幾多郎,"善の研究 (An Inquiry into the Good, 1911)",124635,albalag,82100,0.7164
Nishida Kitarō / 西田幾多郎,"善の研究 (An Inquiry into the Good, 1911)",124635,albert-great,74990,0.6919
Nishida Kitarō / 西田幾多郎,"善の研究 (An Inquiry into the Good, 1911)",124635,albert-saxony,35992,0.5345
Nishida Kitarō / 西田幾多郎,"善の研究 (An Inquiry into the Good, 1911)",124635,albo-joseph,47544,0.5319
Nishida Kitarō / 西田幾多郎,"善の研究 (An Inquiry into the Good, 1911)",124635,alcmaeon,58082,0.5655
Nishida Kitarō / 西田幾多郎,"善の研究 (An Inquiry into the Good, 1911)",124635,alexander,52520,0.6422
Nishida Kitarō / 西田幾多郎,"善の研究 (An Inquiry into the Good, 1911)",124635,alexander-aphrodisias,74028,0.6098
Nishida Kitarō / 西田幾多郎,"善の研究 (An Inquiry into the Good, 1911)",124635,alexander-crummell,74136,0.6634
Nishida Kitarō / 西田幾多郎,"善の研究 (An Inquiry into the Good, 1911)",124635,alexander-humboldt,88302,0.505
Nishida Kitarō / 西田幾多郎,"善の研究 (An Inquiry into the Good, 1911)",124635,althusser,94704,0.5689
Nishida Kitarō / 西田幾多郎,"善の研究 (An Inquiry into the Good, 1911)",124635,alyngton,60766,0.7111
Nishida Kitarō / 西田幾多郎,"善の研究 (An Inquiry into the Good, 1911)",124635,ammonius,88404,0.5428
Nishida Kitarō / 西田幾多郎,"善の研究 (An Inquiry into the Good, 1911)",124635,anaxagoras,71165,0.654
Nishida Kitarō / 西田幾多郎,"善の研究 (An Inquiry into the Good, 1911)",124635,anderson-john,88384,0.7032
Nishida Kitarō / 西田幾多郎,"善の研究 (An Inquiry into the Good, 1911)",124635,anna-julia-cooper,99707,0.433
Nishida Kitarō / 西田幾多郎,"善の研究 (An Inquiry into the Good, 1911)",124635,anscombe,66048,0.7389
Nishida Kitarō / 西田幾多郎,"善の研究 (An Inquiry into the Good, 1911)",124635,anselm,44248,0.7587
Nishida Kitarō / 西田幾多郎,"善の研究 (An Inquiry into the Good, 1911)",124635,antiochus-ascalon,34903,0.6424
Nishida Kitarō / 西田幾多郎,"善の研究 (An Inquiry into the Good, 1911)",124635,antonio-rosmini,57060,0.8342
Nishida Kitarō / 西田幾多郎,"善の研究 (An Inquiry into the Good, 1911)",124635,aquinas,116371,0.7287
Nishida Kitarō / 西田幾多郎,"善の研究 (An Inquiry into the Good, 1911)",124635,arcesilaus,69050,0.6376
Nishida Kitarō / 西田幾多郎,"善の研究 (An Inquiry into the Good, 1911)",124635,archytas,108213,0.4891
Nishida Kitarō / 西田幾多郎,"善の研究 (An Inquiry into the Good, 1911)",124635,arendt,97091,0.7135
Nishida Kitarō / 西田幾多郎,"善の研究 (An Inquiry into the Good, 1911)",124635,aristotle,145744,0.7366
Nishida Kitarō / 西田幾多郎,"善の研究 (An Inquiry into the Good, 1911)",124635,arnauld,130687,0.7262
Nishida Kitarō / 西田幾多郎,"善の研究 (An Inquiry into the Good, 1911)",124635,astell,83883,0.7706
Nishida Kitarō / 西田幾多郎,"善の研究 (An Inquiry into the Good, 1911)",124635,august-rehberg,56341,0.5621
Nishida Kitarō / 西田幾多郎,"善の研究 (An Inquiry into the Good, 1911)",124635,augustine,189535,0.7069
Nishida Kitarō / 西田幾多郎,"善の研究 (An Inquiry into the Good, 1911)",124635,auriol,63037,0.7152
Nishida Kitarō / 西田幾多郎,"善の研究 (An Inquiry into the Good, 1911)",124635,austin-jl,133014,0.6795
Nishida Kitarō / 西田幾多郎,"善の研究 (An Inquiry into the Good, 1911)",124635,austin-john,35237,0.4614
Nishida Kitarō / 西田幾多郎,"善の研究 (An Inquiry into the Good, 1911)",124635,autrecourt,32240,0.5208
Nishida Kitarō / 西田幾多郎,"善の研究 (An Inquiry into the Good, 1911)",124635,ayer,83888,0.6596
Nishida Kitarō / 西田幾多郎,"善の研究 (An Inquiry into the Good, 1911)",124635,ayn-rand,108332,0.6915
Nishida Kitarō / 西田幾多郎,"善の研究 (An Inquiry into the Good, 1911)",124635,baudrillard,92850,0.6182
Nishida Kitarō / 西田幾多郎,"善の研究 (An Inquiry into the Good, 1911)",124635,bauer,65261,0.5452
Nishida Kitarō / 西田幾多郎,"善の研究 (An Inquiry into the Good, 1911)",124635,bayle,71814,0.5643
Nishida Kitarō / 西田幾多郎,"善の研究 (An Inquiry into the Good, 1911)",124635,beauvoir,130158,0.5612
Nishida Kitarō / 西田幾多郎,"善の研究 (An Inquiry into the Good, 1911)",124635,benjamin,132946,0.6218
Nishida Kitarō / 西田幾多郎,"善の研究 (An Inquiry into the Good, 1911)",124635,bentham,119009,0.5237
Nishida Kitarō / 西田幾多郎,"善の研究 (An Inquiry into the Good, 1911)",124635,bergson,75781,0.7028
Nishida Kitarō / 西田幾多郎,"善の研究 (An Inquiry into the Good, 1911)",124635,berkeley,66222,0.7823
Nishida Kitarō / 西田幾多郎,"善の研究 (An Inquiry into the Good, 1911)",124635,berlin,129531,0.6515
Nishida Kitarō / 西田幾多郎,"善の研究 (An Inquiry into the Good, 1911)",124635,bessarion,40178,0.3643
Nishida Kitarō / 西田幾多郎,"善の研究 (An Inquiry into the Good, 1911)",124635,bloch,70253,0.6508
Nishida Kitarō / 西田幾多郎,"善の研究 (An Inquiry into the Good, 1911)",124635,bodin,124284,0.3752
Nishida Kitarō / 西田幾多郎,"善の研究 (An Inquiry into the Good, 1911)",124635,boethius,62682,0.6854
Nishida Kitarō / 西田幾多郎,"善の研究 (An Inquiry into the Good, 1911)",124635,boethius-dacia,54051,0.6932
Nishida Kitarō / 西田幾多郎,"善の研究 (An Inquiry into the Good, 1911)",124635,bolzano,155132,0.6108
Nishida Kitarō / 西田幾多郎,"善の研究 (An Inquiry into the Good, 1911)",124635,bonaventure,109175,0.7191
Nishida Kitarō / 西田幾多郎,"善の研究 (An Inquiry into the Good, 1911)",124635,boole,88621,0.3581
Nishida Kitarō / 西田幾多郎,"善の研究 (An Inquiry into the Good, 1911)",124635,bosanquet,96950,0.6008
Nishida Kitarō / 西田幾多郎,"善の研究 (An Inquiry into the Good, 1911)",124635,boyle,111911,0.7447
Nishida Kitarō / 西田幾多郎,"善の研究 (An Inquiry into the Good, 1911)",124635,bradley,67270,0.7308
Nishida Kitarō / 西田幾多郎,"善の研究 (An Inquiry into the Good, 1911)",124635,brentano,87726,0.674
Nishida Kitarō / 西田幾多郎,"善の研究 (An Inquiry into the Good, 1911)",124635,broad,78488,0.8235
Nishida Kitarō / 西田幾多郎,"善の研究 (An Inquiry into the Good, 1911)",124635,brouwer,44368,0.4276
Nishida Kitarō / 西田幾多郎,"善の研究 (An Inquiry into the Good, 1911)",124635,bruno,145683,0.6421
Nishida Kitarō / 西田幾多郎,"善の研究 (An Inquiry into the Good, 1911)",124635,buber,66928,0.5254
Nishida Kitarō / 西田幾多郎,"善の研究 (An Inquiry into the Good, 1911)",124635,buddha,50785,0.764
Nishida Kitarō / 西田幾多郎,"善の研究 (An Inquiry into the Good, 1911)",124635,buridan,87906,0.6935
Nishida Kitarō / 西田幾多郎,"善の研究 (An Inquiry into the Good, 1911)",124635,burke,90308,0.6112
Nishida Kitarō / 西田幾多郎,"善の研究 (An Inquiry into the Good, 1911)",124635,burley,115565,0.737
Nishida Kitarō / 西田幾多郎,"善の研究 (An Inquiry into the Good, 1911)",124635,campanella,82531,0.6264
Nishida Kitarō / 西田幾多郎,"善の研究 (An Inquiry into the Good, 1911)",124635,camus,80128,0.6418
Nishida Kitarō / 西田幾多郎,"善の研究 (An Inquiry into the Good, 1911)",124635,cardano,83556,0.7394
Nishida Kitarō / 西田幾多郎,"善の研究 (An Inquiry into the Good, 1911)",124635,carnap,210237,0.5822
Nishida Kitarō / 西田幾多郎,"善の研究 (An Inquiry into the Good, 1911)",124635,carneades,47385,0.694
Nishida Kitarō / 西田幾多郎,"善の研究 (An Inquiry into the Good, 1911)",124635,cassirer,60498,0.7165
Nishida Kitarō / 西田幾多郎,"善の研究 (An Inquiry into the Good, 1911)",124635,catharine-macaulay,75941,0.5051
Nishida Kitarō / 西田幾多郎,"善の研究 (An Inquiry into the Good, 1911)",124635,chisholm,111067,0.7403
Nishida Kitarō / 西田幾多郎,"善の研究 (An Inquiry into the Good, 1911)",124635,church,149178,0.6024
Nishida Kitarō / 西田幾多郎,"善の研究 (An Inquiry into the Good, 1911)",124635,cicero,83024,0.68
Nishida Kitarō / 西田幾多郎,"善の研究 (An Inquiry into the Good, 1911)",124635,clarke,92724,0.6785
Nishida Kitarō / 西田幾多郎,"善の研究 (An Inquiry into the Good, 1911)",124635,cockburn,21972,0.6214
Nishida Kitarō / 西田幾多郎,"善の研究 (An Inquiry into the Good, 1911)",124635,cohen,95490,0.6605
Nishida Kitarō / 西田幾多郎,"善の研究 (An Inquiry into the Good, 1911)",124635,collingwood,122058,0.7131
Nishida Kitarō / 西田幾多郎,"善の研究 (An Inquiry into the Good, 1911)",124635,collins,147634,0.6648
Nishida Kitarō / 西田幾多郎,"善の研究 (An Inquiry into the Good, 1911)",124635,comte,1828,0.466
Nishida Kitarō / 西田幾多郎,"善の研究 (An Inquiry into the Good, 1911)",124635,condillac,96062,0.8021
Nishida Kitarō / 西田幾多郎,"善の研究 (An Inquiry into the Good, 1911)",124635,confucius,73300,0.5547
Nishida Kitarō / 西田幾多郎,"善の研究 (An Inquiry into the Good, 1911)",124635,consequence-medieval,87811,0.6204
Nishida Kitarō / 西田幾多郎,"善の研究 (An Inquiry into the Good, 1911)",124635,conway,27816,0.6495
Nishida Kitarō / 西田幾多郎,"善の研究 (An Inquiry into the Good, 1911)",124635,copernicus,47058,0.3774
Nishida Kitarō / 西田幾多郎,"善の研究 (An Inquiry into the Good, 1911)",124635,cordemoy,24863,0.737
Nishida Kitarō / 西田幾多郎,"善の研究 (An Inquiry into the Good, 1911)",124635,crathorn,24237,0.673
Nishida Kitarō / 西田幾多郎,"善の研究 (An Inquiry into the Good, 1911)",124635,crescas,61149,0.584
Nishida Kitarō / 西田幾多郎,"善の研究 (An Inquiry into the Good, 1911)",124635,cudworth,48093,0.6834
Nishida Kitarō / 西田幾多郎,"善の研究 (An Inquiry into the Good, 1911)",124635,cusanus,100566,0.7585
Nishida Kitarō / 西田幾多郎,"善の研究 (An Inquiry into the Good, 1911)",124635,dante,110390,0.6249
Nishida Kitarō / 西田幾多郎,"善の研究 (An Inquiry into the Good, 1911)",124635,david,12440,0.5127
Nishida Kitarō / 西田幾多郎,"善の研究 (An Inquiry into the Good, 1911)",124635,david-lewis,158492,0.7096
Nishida Kitarō / 西田幾多郎,"善の研究 (An Inquiry into the Good, 1911)",124635,davidson,86963,0.6987
Nishida Kitarō / 西田幾多郎,"善の研究 (An Inquiry into the Good, 1911)",124635,deleuze,120638,0.7064
Nishida Kitarō / 西田幾多郎,"善の研究 (An Inquiry into the Good, 1911)",124635,della-porta,83319,0.4689
Nishida Kitarō / 西田幾多郎,"善の研究 (An Inquiry into the Good, 1911)",124635,delmedigo,38766,0.5099
Nishida Kitarō / 西田幾多郎,"善の研究 (An Inquiry into the Good, 1911)",124635,democritus,38590,0.6807
Nishida Kitarō / 西田幾多郎,"善の研究 (An Inquiry into the Good, 1911)",124635,derrida,81463,0.6272
Nishida Kitarō / 西田幾多郎,"善の研究 (An Inquiry into the Good, 1911)",124635,descartes,147007,0.7271
Nishida Kitarō / 西田幾多郎,"善の研究 (An Inquiry into the Good, 1911)",124635,desgabets,57875,0.7668
Nishida Kitarō / 西田幾多郎,"善の研究 (An Inquiry into the Good, 1911)",124635,dewey,123491,0.7442
Nishida Kitarō / 西田幾多郎,"善の研究 (An Inquiry into the Good, 1911)",124635,dharmakiirti,107124,0.64
Nishida Kitarō / 西田幾多郎,"善の研究 (An Inquiry into the Good, 1911)",124635,diderot,123943,0.6794
Nishida Kitarō / 西田幾多郎,"善の研究 (An Inquiry into the Good, 1911)",124635,dietrich-freiberg,79253,0.6568
Nishida Kitarō / 西田幾多郎,"善の研究 (An Inquiry into the Good, 1911)",124635,dilthey,85569,0.8083
Nishida Kitarō / 西田幾多郎,"善の研究 (An Inquiry into the Good, 1911)",124635,diodorus-cronus,71397,0.6264
Nishida Kitarō / 西田幾多郎,"善の研究 (An Inquiry into the Good, 1911)",124635,du-bos,38393,0.5849
Nishida Kitarō / 西田幾多郎,"善の研究 (An Inquiry into the Good, 1911)",124635,dubois,114539,0.5699
Nishida Kitarō / 西田幾多郎,"善の研究 (An Inquiry into the Good, 1911)",124635,duhem,71923,0.5719
Nishida Kitarō / 西田幾多郎,"善の研究 (An Inquiry into the Good, 1911)",124635,duns-scotus,66213,0.7563
Nishida Kitarō / 西田幾多郎,"善の研究 (An Inquiry into the Good, 1911)",124635,edwards,55086,0.7746
Nishida Kitarō / 西田幾多郎,"善の研究 (An Inquiry into the Good, 1911)",124635,ehrenfels,75699,0.6422
Nishida Kitarō / 西田幾多郎,"善の研究 (An Inquiry into the Good, 1911)",124635,elias,12636,0.4769
Nishida Kitarō / 西田幾多郎,"善の研究 (An Inquiry into the Good, 1911)",124635,elisabeth-bohemia,38634,0.5047
Nishida Kitarō / 西田幾多郎,"善の研究 (An Inquiry into the Good, 1911)",124635,emerson,51322,0.6604
Nishida Kitarō / 西田幾多郎,"善の研究 (An Inquiry into the Good, 1911)",124635,emilie-du-chatelet,87477,0.7077
Nishida Kitarō / 西田幾多郎,"善の研究 (An Inquiry into the Good, 1911)",124635,emily-elizabeth-constance-jones,75474,0.6598
Nishida Kitarō / 西田幾多郎,"善の研究 (An Inquiry into the Good, 1911)",124635,empedocles,77299,0.6799
Nishida Kitarō / 西田幾多郎,"善の研究 (An Inquiry into the Good, 1911)",124635,epictetus,42904,0.7098
Nishida Kitarō / 西田幾多郎,"善の研究 (An Inquiry into the Good, 1911)",124635,epicurus,70774,0.7329
Nishida Kitarō / 西田幾多郎,"善の研究 (An Inquiry into the Good, 1911)",124635,erasmus,72477,0.5485
Nishida Kitarō / 西田幾多郎,"善の研究 (An Inquiry into the Good, 1911)",124635,erfurt,32262,0.5726
Nishida Kitarō / 西田幾多郎,"善の研究 (An Inquiry into the Good, 1911)",124635,ernst-mach,76311,0.7043
Nishida Kitarō / 西田幾多郎,"善の研究 (An Inquiry into the Good, 1911)",124635,falaquera,51748,0.4655
Nishida Kitarō / 西田幾多郎,"善の研究 (An Inquiry into the Good, 1911)",124635,fechner,75075,0.6887
Nishida Kitarō / 西田幾多郎,"善の研究 (An Inquiry into the Good, 1911)",124635,feigl,66068,0.6794
Nishida Kitarō / 西田幾多郎,"善の研究 (An Inquiry into the Good, 1911)",124635,feyerabend,167393,0.5939
Nishida Kitarō / 西田幾多郎,"善の研究 (An Inquiry into the Good, 1911)",124635,ficino,59497,0.4712
Nishida Kitarō / 西田幾多郎,"善の研究 (An Inquiry into the Good, 1911)",124635,findlay,87164,0.7303
Nishida Kitarō / 西田幾多郎,"善の研究 (An Inquiry into the Good, 1911)",124635,fitzralph,44938,0.6122
Nishida Kitarō / 西田幾多郎,"善の研究 (An Inquiry into the Good, 1911)",124635,fleck,85865,0.6954
Nishida Kitarō / 西田幾多郎,"善の研究 (An Inquiry into the Good, 1911)",124635,foucault,71347,0.676
Nishida Kitarō / 西田幾多郎,"善の研究 (An Inquiry into the Good, 1911)",124635,francis-bacon,98798,0.5758
Nishida Kitarō / 西田幾多郎,"善の研究 (An Inquiry into the Good, 1911)",124635,francis-marchia,59118,0.5274
Nishida Kitarō / 西田幾多郎,"善の研究 (An Inquiry into the Good, 1911)",124635,francisco-sanches,90776,0.6282
Nishida Kitarō / 西田幾多郎,"善の研究 (An Inquiry into the Good, 1911)",124635,francois-barre,83603,0.6332
Nishida Kitarō / 西田幾多郎,"善の研究 (An Inquiry into the Good, 1911)",124635,frantz-fanon,61216,0.4497
Nishida Kitarō / 西田幾多郎,"善の研究 (An Inquiry into the Good, 1911)",124635,frederick-douglass,86476,0.4254
Nishida Kitarō / 西田幾多郎,"善の研究 (An Inquiry into the Good, 1911)",124635,frege,117516,0.5283
Nishida Kitarō / 西田幾多郎,"善の研究 (An Inquiry into the Good, 1911)",124635,friedrich-hayek,67758,0.5788
Nishida Kitarō / 西田幾多郎,"善の研究 (An Inquiry into the Good, 1911)",124635,friedrich-jacobi,100953,0.5927
Nishida Kitarō / 西田幾多郎,"善の研究 (An Inquiry into the Good, 1911)",124635,friedrich-lange,99637,0.6251
Nishida Kitarō / 西田幾多郎,"善の研究 (An Inquiry into the Good, 1911)",124635,fuller-margaret,41898,0.3739
Nishida Kitarō / 西田幾多郎,"善の研究 (An Inquiry into the Good, 1911)",124635,gadamer,64826,0.6115
Nishida Kitarō / 西田幾多郎,"善の研究 (An Inquiry into the Good, 1911)",124635,galen,114333,0.7143
Nishida Kitarō / 西田幾多郎,"善の研究 (An Inquiry into the Good, 1911)",124635,galileo,87896,0.4974
Nishida Kitarō / 西田幾多郎,"善の研究 (An Inquiry into the Good, 1911)",124635,gangesa,114855,0.6707
Nishida Kitarō / 西田幾多郎,"善の研究 (An Inquiry into the Good, 1911)",124635,gassendi,117622,0.6666
Nishida Kitarō / 西田幾多郎,"善の研究 (An Inquiry into the Good, 1911)",124635,gasset,181593,0.7631
Nishida Kitarō / 西田幾多郎,"善の研究 (An Inquiry into the Good, 1911)",124635,gersonides,51191,0.6366
Nishida Kitarō / 西田幾多郎,"善の研究 (An Inquiry into the Good, 1911)",124635,giles,56142,0.4981
Nishida Kitarō / 西田幾多郎,"善の研究 (An Inquiry into the Good, 1911)",124635,godfrey,58449,0.7074
Nishida Kitarō / 西田幾多郎,"善の研究 (An Inquiry into the Good, 1911)",124635,godwin,41518,0.5936
Nishida Kitarō / 西田幾多郎,"善の研究 (An Inquiry into the Good, 1911)",124635,goedel,127795,0.5138
Nishida Kitarō / 西田幾多郎,"善の研究 (An Inquiry into the Good, 1911)",124635,gomez-pereira,68999,0.765
Nishida Kitarō / 西田幾多郎,"善の研究 (An Inquiry into the Good, 1911)",124635,goodman,89248,0.641
Nishida Kitarō / 西田幾多郎,"善の研究 (An Inquiry into the Good, 1911)",124635,gorampa,40034,0.5948
Nishida Kitarō / 西田幾多郎,"善の研究 (An Inquiry into the Good, 1911)",124635,gramsci,70157,0.4123
Nishida Kitarō / 西田幾多郎,"善の研究 (An Inquiry into the Good, 1911)",124635,green,96989,0.7211
Nishida Kitarō / 西田幾多郎,"善の研究 (An Inquiry into the Good, 1911)",124635,gregory-rimini,59498,0.5625
Nishida Kitarō / 西田幾多郎,"善の研究 (An Inquiry into the Good, 1911)",124635,grice,60807,0.6903
Nishida Kitarō / 西田幾多郎,"善の研究 (An Inquiry into the Good, 1911)",124635,grosseteste,95880,0.6442
Nishida Kitarō / 西田幾多郎,"善の研究 (An Inquiry into the Good, 1911)",124635,grotius,68392,0.5819
Nishida Kitarō / 西田幾多郎,"善の研究 (An Inquiry into the Good, 1911)",124635,habermas,210528,0.6441
Nishida Kitarō / 西田幾多郎,"善の研究 (An Inquiry into the Good, 1911)",124635,halevi,90029,0.6925
Nishida Kitarō / 西田幾多郎,"善の研究 (An Inquiry into the Good, 1911)",124635,hamann,62214,0.6669
Nishida Kitarō / 西田幾多郎,"善の研究 (An Inquiry into the Good, 1911)",124635,hare,83633,0.733
Nishida Kitarō / 西田幾多郎,"善の研究 (An Inquiry into the Good, 1911)",124635,harriet-mill,51878,0.4275
Nishida Kitarō / 西田幾多郎,"善の研究 (An Inquiry into the Good, 1911)",124635,hartley,87906,0.743
Nishida Kitarō / 西田幾多郎,"善の研究 (An Inquiry into the Good, 1911)",124635,hartshorne,76892,0.7811
Nishida Kitarō / 西田幾多郎,"善の研究 (An Inquiry into the Good, 1911)",124635,hegel,150291,0.71
Nishida Kitarō / 西田幾多郎,"善の研究 (An Inquiry into the Good, 1911)",124635,heidegger,197896,0.7057
Nishida Kitarō / 西田幾多郎,"善の研究 (An Inquiry into the Good, 1911)",124635,heinrich-rickert,108833,0.7841
Nishida Kitarō / 西田幾多郎,"善の研究 (An Inquiry into the Good, 1911)",124635,hempel,112538,0.6645
Nishida Kitarō / 西田幾多郎,"善の研究 (An Inquiry into the Good, 1911)",124635,henricus-regius,47479,0.6435
Nishida Kitarō / 西田幾多郎,"善の研究 (An Inquiry into the Good, 1911)",124635,henry-ghent,85659,0.7961
Nishida Kitarō / 西田幾多郎,"善の研究 (An Inquiry into the Good, 1911)",124635,henry-more,122075,0.725
Nishida Kitarō / 西田幾多郎,"善の研究 (An Inquiry into the Good, 1911)",124635,heraclitus,44673,0.6764
Nishida Kitarō / 西田幾多郎,"善の研究 (An Inquiry into the Good, 1911)",124635,herder,168258,0.6746
Nishida Kitarō / 西田幾多郎,"善の研究 (An Inquiry into the Good, 1911)",124635,hermann-helmholtz,98320,0.5843
Nishida Kitarō / 西田幾多郎,"善の研究 (An Inquiry into the Good, 1911)",124635,hermann-lotze,99004,0.7968
Nishida Kitarō / 西田幾多郎,"善の研究 (An Inquiry into the Good, 1911)",124635,heytesbury,85920,0.5702
Nishida Kitarō / 西田幾多郎,"善の研究 (An Inquiry into the Good, 1911)",124635,hobbes,63819,0.5783
Nishida Kitarō / 西田幾多郎,"善の研究 (An Inquiry into the Good, 1911)",124635,holbach,34477,0.6629
Nishida Kitarō / 西田幾多郎,"善の研究 (An Inquiry into the Good, 1911)",124635,holkot,49096,0.654
Nishida Kitarō / 西田幾多郎,"善の研究 (An Inquiry into the Good, 1911)",124635,horkheimer,75665,0.6697
Nishida Kitarō / 西田幾多郎,"善の研究 (An Inquiry into the Good, 1911)",124635,hume,129304,0.7543
Nishida Kitarō / 西田幾多郎,"善の研究 (An Inquiry into the Good, 1911)",124635,husserl,152478,0.7806
Nishida Kitarō / 西田幾多郎,"善の研究 (An Inquiry into the Good, 1911)",124635,hutcheson,74415,0.7743
Nishida Kitarō / 西田幾多郎,"善の研究 (An Inquiry into the Good, 1911)",124635,iamblichus,107043,0.6258
Nishida Kitarō / 西田幾多郎,"善の研究 (An Inquiry into the Good, 1911)",124635,ibn-arabi,89646,0.6542
Nishida Kitarō / 西田幾多郎,"善の研究 (An Inquiry into the Good, 1911)",124635,ibn-bajja,117735,0.6284
Nishida Kitarō / 西田幾多郎,"善の研究 (An Inquiry into the Good, 1911)",124635,ibn-ezra,68386,0.5615
Nishida Kitarō / 西田幾多郎,"善の研究 (An Inquiry into the Good, 1911)",124635,ibn-gabirol,87218,0.6115
Nishida Kitarō / 西田幾多郎,"善の研究 (An Inquiry into the Good, 1911)",124635,ibn-kammuna,58550,0.5992
Nishida Kitarō / 西田幾多郎,"善の研究 (An Inquiry into the Good, 1911)",124635,ibn-rushd,137877,0.5443
Nishida Kitarō / 西田幾多郎,"善の研究 (An Inquiry into the Good, 1911)",124635,ibn-sina,77240,0.6238
Nishida Kitarō / 西田幾多郎,"善の研究 (An Inquiry into the Good, 1911)",124635,ingarden,52942,0.6754
Nishida Kitarō / 西田幾多郎,"善の研究 (An Inquiry into the Good, 1911)",124635,israeli,47269,0.5243
Nishida Kitarō / 西田幾多郎,"善の研究 (An Inquiry into the Good, 1911)",124635,james,54711,0.7153
Nishida Kitarō / 西田幾多郎,"善の研究 (An Inquiry into the Good, 1911)",124635,james-mill,69501,0.5379
Nishida Kitarō / 西田幾多郎,"善の研究 (An Inquiry into the Good, 1911)",124635,james-viterbo,80068,0.7309
Nishida Kitarō / 西田幾多郎,"善の研究 (An Inquiry into the Good, 1911)",124635,james-ward,43653,0.7699
Nishida Kitarō / 西田幾多郎,"善の研究 (An Inquiry into the Good, 1911)",124635,jaspers,78855,0.6364
Nishida Kitarō / 西田幾多郎,"善の研究 (An Inquiry into the Good, 1911)",124635,jayaraasi,54565,0.5849
Nishida Kitarō / 西田幾多郎,"善の研究 (An Inquiry into the Good, 1911)",124635,jefferson,103378,0.5238
Nishida Kitarō / 西田幾多郎,"善の研究 (An Inquiry into the Good, 1911)",124635,joane-petrizi,31183,0.4806
Nishida Kitarō / 西田幾多郎,"善の研究 (An Inquiry into the Good, 1911)",124635,johann-fichte,85456,0.65
Nishida Kitarō / 西田幾多郎,"善の研究 (An Inquiry into the Good, 1911)",124635,johann-herbart,145051,0.8265
Nishida Kitarō / 西田幾多郎,"善の研究 (An Inquiry into the Good, 1911)",124635,johann-sturm,57886,0.6149
Nishida Kitarō / 西田幾多郎,"善の研究 (An Inquiry into the Good, 1911)",124635,john-norris,59224,0.7451
Nishida Kitarō / 西田幾多郎,"善の研究 (An Inquiry into the Good, 1911)",124635,john-salisbury,1878,0.4271
Nishida Kitarō / 西田幾多郎,"善の研究 (An Inquiry into the Good, 1911)",124635,justus-lipsius,57626,0.5396
Nishida Kitarō / 西田幾多郎,"善の研究 (An Inquiry into the Good, 1911)",124635,kant,148977,0.8104
Nishida Kitarō / 西田幾多郎,"善の研究 (An Inquiry into the Good, 1911)",124635,karl-reinhold,71721,0.5731
Nishida Kitarō / 西田幾多郎,"善の研究 (An Inquiry into the Good, 1911)",124635,kaspi-joseph,33382,0.5158
Nishida Kitarō / 西田幾多郎,"善の研究 (An Inquiry into the Good, 1911)",124635,kepler,80866,0.4249
Nishida Kitarō / 西田幾多郎,"善の研究 (An Inquiry into the Good, 1911)",124635,kierkegaard,119676,0.6446
Nishida Kitarō / 西田幾多郎,"善の研究 (An Inquiry into the Good, 1911)",124635,kilvington,69161,0.6677
Nishida Kitarō / 西田幾多郎,"善の研究 (An Inquiry into the Good, 1911)",124635,kukai,117555,0.5442
Nishida Kitarō / 西田幾多郎,"善の研究 (An Inquiry into the Good, 1911)",124635,kumaarila,103698,0.6155
Nishida Kitarō / 西田幾多郎,"善の研究 (An Inquiry into the Good, 1911)",124635,la-forge,48296,0.7273
Nishida Kitarō / 西田幾多郎,"善の研究 (An Inquiry into the Good, 1911)",124635,lacan,91125,0.6431
Nishida Kitarō / 西田幾多郎,"善の研究 (An Inquiry into the Good, 1911)",124635,lady-masham,22883,0.4947
Nishida Kitarō / 西田幾多郎,"善の研究 (An Inquiry into the Good, 1911)",124635,lakatos,123681,0.5668
Nishida Kitarō / 西田幾多郎,"善の研究 (An Inquiry into the Good, 1911)",124635,lambert-auxerre,31294,0.4137
Nishida Kitarō / 西田幾多郎,"善の研究 (An Inquiry into the Good, 1911)",124635,laozi,117361,0.4632
Nishida Kitarō / 西田幾多郎,"善の研究 (An Inquiry into the Good, 1911)",124635,lefevre-etaples,88711,0.5367
Nishida Kitarō / 西田幾多郎,"善の研究 (An Inquiry into the Good, 1911)",124635,legrand,35143,0.7316
Nishida Kitarō / 西田幾多郎,"善の研究 (An Inquiry into the Good, 1911)",124635,leibniz,118441,0.7564
Nishida Kitarō / 西田幾多郎,"善の研究 (An Inquiry into the Good, 1911)",124635,leibowitz-yeshayahu,100330,0.6386
Nishida Kitarō / 西田幾多郎,"善の研究 (An Inquiry into the Good, 1911)",124635,lesniewski,100489,0.532
Nishida Kitarō / 西田幾多郎,"善の研究 (An Inquiry into the Good, 1911)",124635,leucippus,10237,0.5403
Nishida Kitarō / 西田幾多郎,"善の研究 (An Inquiry into the Good, 1911)",124635,levinas,205903,0.7002
Nishida Kitarō / 西田幾多郎,"善の研究 (An Inquiry into the Good, 1911)",124635,lewis-ci,137094,0.7561
Nishida Kitarō / 西田幾多郎,"善の研究 (An Inquiry into the Good, 1911)",124635,llull,65388,0.6384
Nishida Kitarō / 西田幾多郎,"善の研究 (An Inquiry into the Good, 1911)",124635,locke,151674,0.6872
Nishida Kitarō / 西田幾多郎,"善の研究 (An Inquiry into the Good, 1911)",124635,lorenzo-valla,68150,0.6126
Nishida Kitarō / 西田幾多郎,"善の研究 (An Inquiry into the Good, 1911)",124635,lucretius,93987,0.6179
Nishida Kitarō / 西田幾多郎,"善の研究 (An Inquiry into the Good, 1911)",124635,lucrezia-marinella,75942,0.5734
Nishida Kitarō / 西田幾多郎,"善の研究 (An Inquiry into the Good, 1911)",124635,ludwig-feuerbach,117272,0.7538
Nishida Kitarō / 西田幾多郎,"善の研究 (An Inquiry into the Good, 1911)",124635,lukacs,84944,0.6558
Nishida Kitarō / 西田幾多郎,"善の研究 (An Inquiry into the Good, 1911)",124635,lukasiewicz,83393,0.5012
Nishida Kitarō / 西田幾多郎,"善の研究 (An Inquiry into the Good, 1911)",124635,luther,118515,0.5516
Nishida Kitarō / 西田幾多郎,"善の研究 (An Inquiry into the Good, 1911)",124635,luxemburg,73718,0.3778
Nishida Kitarō / 西田幾多郎,"善の研究 (An Inquiry into the Good, 1911)",124635,lyotard,65083,0.6245
Nishida Kitarō / 西田幾多郎,"善の研究 (An Inquiry into the Good, 1911)",124635,machiavelli,66259,0.4976
Nishida Kitarō / 西田幾多郎,"善の研究 (An Inquiry into the Good, 1911)",124635,madeleine-scudery,59378,0.6606
Nishida Kitarō / 西田幾多郎,"善の研究 (An Inquiry into the Good, 1911)",124635,maimon,76867,0.7116
Nishida Kitarō / 西田幾多郎,"善の研究 (An Inquiry into the Good, 1911)",124635,maimonides,61859,0.772
Nishida Kitarō / 西田幾多郎,"善の研究 (An Inquiry into the Good, 1911)",124635,maimonides-islamic,149107,0.7436
Nishida Kitarō / 西田幾多郎,"善の研究 (An Inquiry into the Good, 1911)",124635,malebranche,65124,0.6723
Nishida Kitarō / 西田幾多郎,"善の研究 (An Inquiry into the Good, 1911)",124635,mally,67597,0.6953
Nishida Kitarō / 西田幾多郎,"善の研究 (An Inquiry into the Good, 1911)",124635,marcel,80460,0.8149
Nishida Kitarō / 西田幾多郎,"善の研究 (An Inquiry into the Good, 1911)",124635,marcus-aurelius,52698,0.7333
Nishida Kitarō / 西田幾多郎,"善の研究 (An Inquiry into the Good, 1911)",124635,marcuse,85792,0.6131
Nishida Kitarō / 西田幾多郎,"善の研究 (An Inquiry into the Good, 1911)",124635,margaret-cavendish,155591,0.7677
Nishida Kitarō / 西田幾多郎,"善の研究 (An Inquiry into the Good, 1911)",124635,margaret-fell,66751,0.4918
Nishida Kitarō / 西田幾多郎,"善の研究 (An Inquiry into the Good, 1911)",124635,maritain,110854,0.6899
Nishida Kitarō / 西田幾多郎,"善の研究 (An Inquiry into the Good, 1911)",124635,marsilius-inghen,39243,0.6303
Nishida Kitarō / 西田幾多郎,"善の研究 (An Inquiry into the Good, 1911)",124635,marty,80853,0.6221
Nishida Kitarō / 西田幾多郎,"善の研究 (An Inquiry into the Good, 1911)",124635,marx,109131,0.6056
Nishida Kitarō / 西田幾多郎,"善の研究 (An Inquiry into the Good, 1911)",124635,mary-shepherd,62884,0.7899
Nishida Kitarō / 西田幾多郎,"善の研究 (An Inquiry into the Good, 1911)",124635,max-stirner,56436,0.6599
Nishida Kitarō / 西田幾多郎,"善の研究 (An Inquiry into the Good, 1911)",124635,mctaggart,66771,0.6908
Nishida Kitarō / 西田幾多郎,"善の研究 (An Inquiry into the Good, 1911)",124635,mead,71936,0.7289
Nishida Kitarō / 西田幾多郎,"善の研究 (An Inquiry into the Good, 1911)",124635,meinong,139971,0.7397
Nishida Kitarō / 西田幾多郎,"善の研究 (An Inquiry into the Good, 1911)",124635,meister-eckhart,109470,0.7344
Nishida Kitarō / 西田幾多郎,"善の研究 (An Inquiry into the Good, 1911)",124635,mencius,69127,0.6793
Nishida Kitarō / 西田幾多郎,"善の研究 (An Inquiry into the Good, 1911)",124635,mendelssohn,82159,0.7266
Nishida Kitarō / 西田幾多郎,"善の研究 (An Inquiry into the Good, 1911)",124635,merleau-ponty,103995,0.7646
Nishida Kitarō / 西田幾多郎,"善の研究 (An Inquiry into the Good, 1911)",124635,mersenne,88368,0.6703
Nishida Kitarō / 西田幾多郎,"善の研究 (An Inquiry into the Good, 1911)",124635,michel-henry,67455,0.7222
Nishida Kitarō / 西田幾多郎,"善の研究 (An Inquiry into the Good, 1911)",124635,mill,116650,0.7861
Nishida Kitarō / 西田幾多郎,"善の研究 (An Inquiry into the Good, 1911)",124635,montaigne,48621,0.5852
Nishida Kitarō / 西田幾多郎,"善の研究 (An Inquiry into the Good, 1911)",124635,montesquieu,51662,0.5447
Nishida Kitarō / 西田幾多郎,"善の研究 (An Inquiry into the Good, 1911)",124635,moore,56230,0.7019
Nishida Kitarō / 西田幾多郎,"善の研究 (An Inquiry into the Good, 1911)",124635,mulla-sadra,116952,0.734
Nishida Kitarō / 西田幾多郎,"善の研究 (An Inquiry into the Good, 1911)",124635,murdoch,103932,0.6787
Nishida Kitarō / 西田幾多郎,"善の研究 (An Inquiry into the Good, 1911)",124635,nagarjuna,90278,0.8191
Nishida Kitarō / 西田幾多郎,"善の研究 (An Inquiry into the Good, 1911)",124635,natorp,91653,0.6673
Nishida Kitarō / 西田幾多郎,"善の研究 (An Inquiry into the Good, 1911)",124635,newton,41696,0.4378
Nishida Kitarō / 西田幾多郎,"善の研究 (An Inquiry into the Good, 1911)",124635,nicolai-hartmann,106622,0.748
Nishida Kitarō / 西田幾多郎,"善の研究 (An Inquiry into the Good, 1911)",124635,nicole-oresme,43962,0.461
Nishida Kitarō / 西田幾多郎,"善の研究 (An Inquiry into the Good, 1911)",124635,nietzsche,155475,0.6762
Nishida Kitarō / 西田幾多郎,"善の研究 (An Inquiry into the Good, 1911)",124635,nishida-kitaro,125671,0.6875
Nishida Kitarō / 西田幾多郎,"善の研究 (An Inquiry into the Good, 1911)",124635,novalis,66132,0.6536
Nishida Kitarō / 西田幾多郎,"善の研究 (An Inquiry into the Good, 1911)",124635,nozick-political,113594,0.6462
Nishida Kitarō / 西田幾多郎,"善の研究 (An Inquiry into the Good, 1911)",124635,numenius,82271,0.6144
Nishida Kitarō / 西田幾多郎,"善の研究 (An Inquiry into the Good, 1911)",124635,oakeshott,61423,0.7076
Nishida Kitarō / 西田幾多郎,"善の研究 (An Inquiry into the Good, 1911)",124635,ockham,96308,0.6799
Nishida Kitarō / 西田幾多郎,"善の研究 (An Inquiry into the Good, 1911)",124635,olivi,102678,0.8168
Nishida Kitarō / 西田幾多郎,"善の研究 (An Inquiry into the Good, 1911)",124635,olympiodorus,32296,0.5349
Nishida Kitarō / 西田幾多郎,"善の研究 (An Inquiry into the Good, 1911)",124635,origen,71130,0.6421
Nishida Kitarō / 西田幾多郎,"善の研究 (An Inquiry into the Good, 1911)",124635,paine,57196,0.4633
Nishida Kitarō / 西田幾多郎,"善の研究 (An Inquiry into the Good, 1911)",124635,parmenides,103160,0.6668
Nishida Kitarō / 西田幾多郎,"善の研究 (An Inquiry into the Good, 1911)",124635,pascal,57239,0.6444
Nishida Kitarō / 西田幾多郎,"善の研究 (An Inquiry into the Good, 1911)",124635,patrizi,50425,0.478
Nishida Kitarō / 西田幾多郎,"善の研究 (An Inquiry into the Good, 1911)",124635,paul-venice,94097,0.8035
Nishida Kitarō / 西田幾多郎,"善の研究 (An Inquiry into the Good, 1911)",124635,peirce,116115,0.643
Nishida Kitarō / 西田幾多郎,"善の研究 (An Inquiry into the Good, 1911)",124635,peirce-benjamin,13541,0.4802
Nishida Kitarō / 西田幾多郎,"善の研究 (An Inquiry into the Good, 1911)",124635,penbygull,21640,0.7407
Nishida Kitarō / 西田幾多郎,"善の研究 (An Inquiry into the Good, 1911)",124635,peter-damian,41882,0.5931
Nishida Kitarō / 西田幾多郎,"善の研究 (An Inquiry into the Good, 1911)",124635,peter-spain,42361,0.6051
Nishida Kitarō / 西田幾多郎,"善の研究 (An Inquiry into the Good, 1911)",124635,philip-chancellor,43687,0.6595
Nishida Kitarō / 西田幾多郎,"善の研究 (An Inquiry into the Good, 1911)",124635,philippa-foot,73201,0.7318
Nishida Kitarō / 西田幾多郎,"善の研究 (An Inquiry into the Good, 1911)",124635,philo,122474,0.6419
Nishida Kitarō / 西田幾多郎,"善の研究 (An Inquiry into the Good, 1911)",124635,philo-larissa,70351,0.6008
Nishida Kitarō / 西田幾多郎,"善の研究 (An Inquiry into the Good, 1911)",124635,philodemus,110712,0.5641
Nishida Kitarō / 西田幾多郎,"善の研究 (An Inquiry into the Good, 1911)",124635,philolaus,108781,0.5577
Nishida Kitarō / 西田幾多郎,"善の研究 (An Inquiry into the Good, 1911)",124635,philoponus,54181,0.5884
Nishida Kitarō / 西田幾多郎,"善の研究 (An Inquiry into the Good, 1911)",124635,pico-della-mirandola,66744,0.4691
Nishida Kitarō / 西田幾多郎,"善の研究 (An Inquiry into the Good, 1911)",124635,plato,71433,0.5753
Nishida Kitarō / 西田幾多郎,"善の研究 (An Inquiry into the Good, 1911)",124635,plotinus,95350,0.7867
Nishida Kitarō / 西田幾多郎,"善の研究 (An Inquiry into the Good, 1911)",124635,plutarch,114257,0.6561
Nishida Kitarō / 西田幾多郎,"善の研究 (An Inquiry into the Good, 1911)",124635,poincare,103220,0.5904
Nishida Kitarō / 西田幾多郎,"善の研究 (An Inquiry into the Good, 1911)",124635,polqar,58613,0.6279
Nishida Kitarō / 西田幾多郎,"善の研究 (An Inquiry into the Good, 1911)",124635,pomponazzi,66395,0.624
Nishida Kitarō / 西田幾多郎,"善の研究 (An Inquiry into the Good, 1911)",124635,popper,91522,0.671
Nishida Kitarō / 西田幾多郎,"善の研究 (An Inquiry into the Good, 1911)",124635,porphyry,45207,0.5986
Nishida Kitarō / 西田幾多郎,"善の研究 (An Inquiry into the Good, 1911)",124635,prichard,52049,0.7567
Nishida Kitarō / 西田幾多郎,"善の研究 (An Inquiry into the Good, 1911)",124635,prior,129545,0.5248
Nishida Kitarō / 西田幾多郎,"善の研究 (An Inquiry into the Good, 1911)",124635,proclus,123276,0.6098
Nishida Kitarō / 西田幾多郎,"善の研究 (An Inquiry into the Good, 1911)",124635,protagoras,77250,0.6702
Nishida Kitarō / 西田幾多郎,"善の研究 (An Inquiry into the Good, 1911)",124635,pseudo-dionysius-areopagite,75315,0.6171
Nishida Kitarō / 西田幾多郎,"善の研究 (An Inquiry into the Good, 1911)",124635,pyrrho,57471,0.6683
Nishida Kitarō / 西田幾多郎,"善の研究 (An Inquiry into the Good, 1911)",124635,pythagoras,118648,0.4533
Nishida Kitarō / 西田幾多郎,"善の研究 (An Inquiry into the Good, 1911)",124635,quine,105292,0.7042
Nishida Kitarō / 西田幾多郎,"善の研究 (An Inquiry into the Good, 1911)",124635,radulphus-brito,64884,0.7207
Nishida Kitarō / 西田幾多郎,"善の研究 (An Inquiry into the Good, 1911)",124635,ramsey,157347,0.5923
Nishida Kitarō / 西田幾多郎,"善の研究 (An Inquiry into the Good, 1911)",124635,ramus,91673,0.5157
Nishida Kitarō / 西田幾多郎,"善の研究 (An Inquiry into the Good, 1911)",124635,rawls,105810,0.5518
Nishida Kitarō / 西田幾多郎,"善の研究 (An Inquiry into the Good, 1911)",124635,reichenbach,136039,0.5671
Nishida Kitarō / 西田幾多郎,"善の研究 (An Inquiry into the Good, 1911)",124635,reid,181211,0.8193
Nishida Kitarō / 西田幾多郎,"善の研究 (An Inquiry into the Good, 1911)",124635,reinach,41703,0.7677
Nishida Kitarō / 西田幾多郎,"善の研究 (An Inquiry into the Good, 1911)",124635,richard-price,96378,0.751
Nishida Kitarō / 西田幾多郎,"善の研究 (An Inquiry into the Good, 1911)",124635,ricoeur,56670,0.7147
Nishida Kitarō / 西田幾多郎,"善の研究 (An Inquiry into the Good, 1911)",124635,robert-kilwardby,148886,0.7536
Nishida Kitarō / 西田幾多郎,"善の研究 (An Inquiry into the Good, 1911)",124635,roger-bacon,146776,0.6058
Nishida Kitarō / 西田幾多郎,"善の研究 (An Inquiry into the Good, 1911)",124635,rorty,71793,0.6243
Nishida Kitarō / 西田幾多郎,"善の研究 (An Inquiry into the Good, 1911)",124635,rosenstock-huessy,97123,0.7087
Nishida Kitarō / 西田幾多郎,"善の研究 (An Inquiry into the Good, 1911)",124635,rosenzweig,96984,0.6605
Nishida Kitarō / 西田幾多郎,"善の研究 (An Inquiry into the Good, 1911)",124635,rousseau,67496,0.6474
Nishida Kitarō / 西田幾多郎,"善の研究 (An Inquiry into the Good, 1911)",124635,royce,98956,0.6684
Nishida Kitarō / 西田幾多郎,"善の研究 (An Inquiry into the Good, 1911)",124635,russell,132015,0.6202
Nishida Kitarō / 西田幾多郎,"善の研究 (An Inquiry into the Good, 1911)",124635,ryle,105532,0.7769
Nishida Kitarō / 西田幾多郎,"善の研究 (An Inquiry into the Good, 1911)",124635,saadya,49838,0.6172
Nishida Kitarō / 西田幾多郎,"善の研究 (An Inquiry into the Good, 1911)",124635,saantarak-sita,55734,0.664
Nishida Kitarō / 西田幾多郎,"善の研究 (An Inquiry into the Good, 1911)",124635,sakya-pandita,61059,0.5482
Nishida Kitarō / 西田幾多郎,"善の研究 (An Inquiry into the Good, 1911)",124635,santayana,74763,0.6205
Nishida Kitarō / 西田幾多郎,"善の研究 (An Inquiry into the Good, 1911)",124635,sartre,101754,0.6897
Nishida Kitarō / 西田幾多郎,"善の研究 (An Inquiry into the Good, 1911)",124635,scheler,95052,0.7756
Nishida Kitarō / 西田幾多郎,"善の研究 (An Inquiry into the Good, 1911)",124635,schelling,95712,0.7629
Nishida Kitarō / 西田幾多郎,"善の研究 (An Inquiry into the Good, 1911)",124635,schiller,83194,0.7414
Nishida Kitarō / 西田幾多郎,"善の研究 (An Inquiry into the Good, 1911)",124635,schlegel,29105,0.4652
Nishida Kitarō / 西田幾多郎,"善の研究 (An Inquiry into the Good, 1911)",124635,schlegel-aw,92971,0.495
Nishida Kitarō / 西田幾多郎,"善の研究 (An Inquiry into the Good, 1911)",124635,schleiermacher,144331,0.6251
Nishida Kitarō / 西田幾多郎,"善の研究 (An Inquiry into the Good, 1911)",124635,schlick,112805,0.6326
Nishida Kitarō / 西田幾多郎,"善の研究 (An Inquiry into the Good, 1911)",124635,schmitt,89721,0.4983
Nishida Kitarō / 西田幾多郎,"善の研究 (An Inquiry into the Good, 1911)",124635,scholem,60788,0.4024
Nishida Kitarō / 西田幾多郎,"善の研究 (An Inquiry into the Good, 1911)",124635,scholz,27919,0.3769
Nishida Kitarō / 西田幾多郎,"善の研究 (An Inquiry into the Good, 1911)",124635,schopenhauer,83036,0.7481
Nishida Kitarō / 西田幾多郎,"善の研究 (An Inquiry into the Good, 1911)",124635,schutz,80445,0.6469
Nishida Kitarō / 西田幾多郎,"善の研究 (An Inquiry into the Good, 1911)",124635,scottus-eriugena,94103,0.6643
Nishida Kitarō / 西田幾多郎,"善の研究 (An Inquiry into the Good, 1911)",124635,sellars,117210,0.7544
Nishida Kitarō / 西田幾多郎,"善の研究 (An Inquiry into the Good, 1911)",124635,seneca,105936,0.6536
Nishida Kitarō / 西田幾多郎,"善の研究 (An Inquiry into the Good, 1911)",124635,sextus-empiricus,109548,0.6719
Nishida Kitarō / 西田幾多郎,"善の研究 (An Inquiry into the Good, 1911)",124635,shaftesbury,2192,0.5019
Nishida Kitarō / 西田幾多郎,"善の研究 (An Inquiry into the Good, 1911)",124635,shankara,89230,0.8106
Nishida Kitarō / 西田幾多郎,"善の研究 (An Inquiry into the Good, 1911)",124635,shantideva,72337,0.6845
Nishida Kitarō / 西田幾多郎,"善の研究 (An Inquiry into the Good, 1911)",124635,sharpe,50729,0.739
Nishida Kitarō / 西田幾多郎,"善の研究 (An Inquiry into the Good, 1911)",124635,sidgwick,176811,0.6959
Nishida Kitarō / 西田幾多郎,"善の研究 (An Inquiry into the Good, 1911)",124635,sidney-hook,110797,0.6117
Nishida Kitarō / 西田幾多郎,"善の研究 (An Inquiry into the Good, 1911)",124635,simon-faversham,45088,0.7539
Nishida Kitarō / 西田幾多郎,"善の研究 (An Inquiry into the Good, 1911)",124635,simone-weil,78561,0.7005
Nishida Kitarō / 西田幾多郎,"善の研究 (An Inquiry into the Good, 1911)",124635,simplicius,96839,0.4991
Nishida Kitarō / 西田幾多郎,"善の研究 (An Inquiry into the Good, 1911)",124635,socrates,88031,0.4787
Nishida Kitarō / 西田幾多郎,"善の研究 (An Inquiry into the Good, 1911)",124635,sophie-de-grouchy,55009,0.511
Nishida Kitarō / 西田幾多郎,"善の研究 (An Inquiry into the Good, 1911)",124635,spencer,56620,0.596
Nishida Kitarō / 西田幾多郎,"善の研究 (An Inquiry into the Good, 1911)",124635,speusippus,60321,0.6005
Nishida Kitarō / 西田幾多郎,"善の研究 (An Inquiry into the Good, 1911)",124635,spinoza,91786,0.8527
Nishida Kitarō / 西田幾多郎,"善の研究 (An Inquiry into the Good, 1911)",124635,sriharsa,104242,0.7432
Nishida Kitarō / 西田幾多郎,"善の研究 (An Inquiry into the Good, 1911)",124635,stebbing,55346,0.5775
Nishida Kitarō / 西田幾多郎,"善の研究 (An Inquiry into the Good, 1911)",124635,stein,145387,0.783
Nishida Kitarō / 西田幾多郎,"善の研究 (An Inquiry into the Good, 1911)",124635,stevenson,85779,0.684
Nishida Kitarō / 西田幾多郎,"善の研究 (An Inquiry into the Good, 1911)",124635,strauss-leo,64850,0.5587
Nishida Kitarō / 西田幾多郎,"善の研究 (An Inquiry into the Good, 1911)",124635,strawson,72046,0.6481
Nishida Kitarō / 西田幾多郎,"善の研究 (An Inquiry into the Good, 1911)",124635,stumpf,112239,0.6115
Nishida Kitarō / 西田幾多郎,"善の研究 (An Inquiry into the Good, 1911)",124635,suarez,125433,0.7261
Nishida Kitarō / 西田幾多郎,"善の研究 (An Inquiry into the Good, 1911)",124635,suhrawardi,108375,0.6032
Nishida Kitarō / 西田幾多郎,"善の研究 (An Inquiry into the Good, 1911)",124635,susman-margarete,76293,0.6524
Nishida Kitarō / 西田幾多郎,"善の研究 (An Inquiry into the Good, 1911)",124635,sylvan-routley,115072,0.6672
Nishida Kitarō / 西田幾多郎,"善の研究 (An Inquiry into the Good, 1911)",124635,syrianus,97154,0.5475
Nishida Kitarō / 西田幾多郎,"善の研究 (An Inquiry into the Good, 1911)",124635,tarski,86038,0.5497
Nishida Kitarō / 西田幾多郎,"善の研究 (An Inquiry into the Good, 1911)",124635,taurellus,51823,0.7446
Nishida Kitarō / 西田幾多郎,"善の研究 (An Inquiry into the Good, 1911)",124635,telesio,40426,0.6089
Nishida Kitarō / 西田幾多郎,"善の研究 (An Inquiry into the Good, 1911)",124635,theophrastus,91516,0.5979
Nishida Kitarō / 西田幾多郎,"善の研究 (An Inquiry into the Good, 1911)",124635,thomas-kuhn,95209,0.6557
Nishida Kitarō / 西田幾多郎,"善の研究 (An Inquiry into the Good, 1911)",124635,thomas-more,75732,0.573
Nishida Kitarō / 西田幾多郎,"善の研究 (An Inquiry into the Good, 1911)",124635,thoreau,43886,0.7508
Nishida Kitarō / 西田幾多郎,"善の研究 (An Inquiry into the Good, 1911)",124635,tibbon,63044,0.464
Nishida Kitarō / 西田幾多郎,"善の研究 (An Inquiry into the Good, 1911)",124635,timon-phlius,30753,0.5365
Nishida Kitarō / 西田幾多郎,"善の研究 (An Inquiry into the Good, 1911)",124635,tsongkhapa,82475,0.4527
Nishida Kitarō / 西田幾多郎,"善の研究 (An Inquiry into the Good, 1911)",124635,turing,70634,0.542
Nishida Kitarō / 西田幾多郎,"善の研究 (An Inquiry into the Good, 1911)",124635,twardowski,79479,0.6551
Nishida Kitarō / 西田幾多郎,"善の研究 (An Inquiry into the Good, 1911)",124635,umar-khayyam,94432,0.5832
Nishida Kitarō / 西田幾多郎,"善の研究 (An Inquiry into the Good, 1911)",124635,vaihinger,64311,0.7156
Nishida Kitarō / 西田幾多郎,"善の研究 (An Inquiry into the Good, 1911)",124635,vasubandhu,116641,0.7671
Nishida Kitarō / 西田幾多郎,"善の研究 (An Inquiry into the Good, 1911)",124635,vico,42337,0.5862
Nishida Kitarō / 西田幾多郎,"善の研究 (An Inquiry into the Good, 1911)",124635,vives,43013,0.6123
Nishida Kitarō / 西田幾多郎,"善の研究 (An Inquiry into the Good, 1911)",124635,voltaire,87195,0.4945
Nishida Kitarō / 西田幾多郎,"善の研究 (An Inquiry into the Good, 1911)",124635,walter-chatton,110366,0.7567
Nishida Kitarō / 西田幾多郎,"善の研究 (An Inquiry into the Good, 1911)",124635,wang-yangming,49779,0.6987
Nishida Kitarō / 西田幾多郎,"善の研究 (An Inquiry into the Good, 1911)",124635,watsuji-tetsuro,70157,0.6432
Nishida Kitarō / 西田幾多郎,"善の研究 (An Inquiry into the Good, 1911)",124635,weber,88898,0.6538
Nishida Kitarō / 西田幾多郎,"善の研究 (An Inquiry into the Good, 1911)",124635,wesley-salmon,102457,0.5765
Nishida Kitarō / 西田幾多郎,"善の研究 (An Inquiry into the Good, 1911)",124635,weyl,344677,0.5548
Nishida Kitarō / 西田幾多郎,"善の研究 (An Inquiry into the Good, 1911)",124635,whewell,60215,0.65
Nishida Kitarō / 西田幾多郎,"善の研究 (An Inquiry into the Good, 1911)",124635,whitehead,126351,0.696
Nishida Kitarō / 西田幾多郎,"善の研究 (An Inquiry into the Good, 1911)",124635,wilhelm-humboldt,101176,0.4372
Nishida Kitarō / 西田幾多郎,"善の研究 (An Inquiry into the Good, 1911)",124635,wilhelm-windelband,71324,0.7255
Nishida Kitarō / 西田幾多郎,"善の研究 (An Inquiry into the Good, 1911)",124635,wilhelm-wundt,83520,0.7594
Nishida Kitarō / 西田幾多郎,"善の研究 (An Inquiry into the Good, 1911)",124635,william-auvergne,87618,0.7293
Nishida Kitarō / 西田幾多郎,"善の研究 (An Inquiry into the Good, 1911)",124635,william-champeaux,51368,0.6677
Nishida Kitarō / 西田幾多郎,"善の研究 (An Inquiry into the Good, 1911)",124635,william-david-ross,120186,0.6658
Nishida Kitarō / 西田幾多郎,"善の研究 (An Inquiry into the Good, 1911)",124635,william-jevons,38920,0.6513
Nishida Kitarō / 西田幾多郎,"善の研究 (An Inquiry into the Good, 1911)",124635,william-sherwood,33278,0.4845
Nishida Kitarō / 西田幾多郎,"善の研究 (An Inquiry into the Good, 1911)",124635,williams-bernard,97259,0.7233
Nishida Kitarō / 西田幾多郎,"善の研究 (An Inquiry into the Good, 1911)",124635,williams-dc,56136,0.6755
Nishida Kitarō / 西田幾多郎,"善の研究 (An Inquiry into the Good, 1911)",124635,wilson,127113,0.7122
Nishida Kitarō / 西田幾多郎,"善の研究 (An Inquiry into the Good, 1911)",124635,wittgenstein,85691,0.6379
Nishida Kitarō / 西田幾多郎,"善の研究 (An Inquiry into the Good, 1911)",124635,wodeham,77994,0.6518
Nishida Kitarō / 西田幾多郎,"善の研究 (An Inquiry into the Good, 1911)",124635,wolff-christian,125458,0.7135
Nishida Kitarō / 西田幾多郎,"善の研究 (An Inquiry into the Good, 1911)",124635,wollstonecraft,66138,0.4552
Nishida Kitarō / 西田幾多郎,"善の研究 (An Inquiry into the Good, 1911)",124635,wright,50233,0.7584
Nishida Kitarō / 西田幾多郎,"善の研究 (An Inquiry into the Good, 1911)",124635,wyclif,131895,0.7424
Nishida Kitarō / 西田幾多郎,"善の研究 (An Inquiry into the Good, 1911)",124635,xenocrates,42984,0.582
Nishida Kitarō / 西田幾多郎,"善の研究 (An Inquiry into the Good, 1911)",124635,xenophanes,37845,0.592
Nishida Kitarō / 西田幾多郎,"善の研究 (An Inquiry into the Good, 1911)",124635,xunzi,52292,0.649
Nishida Kitarō / 西田幾多郎,"善の研究 (An Inquiry into the Good, 1911)",124635,yorck,55210,0.6822
Nishida Kitarō / 西田幾多郎,"善の研究 (An Inquiry into the Good, 1911)",124635,zabarella,55317,0.6283
Nishida Kitarō / 西田幾多郎,"善の研究 (An Inquiry into the Good, 1911)",124635,zeno-elea,66712,0.5791
Nishida Kitarō / 西田幾多郎,"善の研究 (An Inquiry into the Good, 1911)",124635,zhu-xi,111196,0.6183
Nishida Kitarō / 西田幾多郎,"善の研究 (An Inquiry into the Good, 1911)",124635,zhuangzi,132308,0.6663
Nishida Kitarō / 西田幾多郎,"絶対矛盾的自己同一 (Absolute Contradictory Self-Identity, 1939)",50322,abelard,89142,0.6121
Nishida Kitarō / 西田幾多郎,"絶対矛盾的自己同一 (Absolute Contradictory Self-Identity, 1939)",50322,abner-burgos,38237,0.4777
Nishida Kitarō / 西田幾多郎,"絶対矛盾的自己同一 (Absolute Contradictory Self-Identity, 1939)",50322,abrabanel,57531,0.5674
Nishida Kitarō / 西田幾多郎,"絶対矛盾的自己同一 (Absolute Contradictory Self-Identity, 1939)",50322,abraham-daud,60460,0.5084
Nishida Kitarō / 西田幾多郎,"絶対矛盾的自己同一 (Absolute Contradictory Self-Identity, 1939)",50322,abu-bakr-al-razi,47989,0.4783
Nishida Kitarō / 西田幾多郎,"絶対矛盾的自己同一 (Absolute Contradictory Self-Identity, 1939)",50322,addams-jane,73923,0.4381
Nishida Kitarō / 西田幾多郎,"絶対矛盾的自己同一 (Absolute Contradictory Self-Identity, 1939)",50322,adorno,129793,0.6344
Nishida Kitarō / 西田幾多郎,"絶対矛盾的自己同一 (Absolute Contradictory Self-Identity, 1939)",50322,agrippa-nettesheim,75671,0.5652
Nishida Kitarō / 西田幾多郎,"絶対矛盾的自己同一 (Absolute Contradictory Self-Identity, 1939)",50322,al-baghdadi,83713,0.5016
Nishida Kitarō / 西田幾多郎,"絶対矛盾的自己同一 (Absolute Contradictory Self-Identity, 1939)",50322,al-din-al-razi,83443,0.57
Nishida Kitarō / 西田幾多郎,"絶対矛盾的自己同一 (Absolute Contradictory Self-Identity, 1939)",50322,al-farabi,47405,0.3872
Nishida Kitarō / 西田幾多郎,"絶対矛盾的自己同一 (Absolute Contradictory Self-Identity, 1939)",50322,al-ghazali,101966,0.4759
Nishida Kitarō / 西田幾多郎,"絶対矛盾的自己同一 (Absolute Contradictory Self-Identity, 1939)",50322,al-kindi,58692,0.5854
Nishida Kitarō / 西田幾多郎,"絶対矛盾的自己同一 (Absolute Contradictory Self-Identity, 1939)",50322,alain-locke,96958,0.5882
Nishida Kitarō / 西田幾多郎,"絶対矛盾的自己同一 (Absolute Contradictory Self-Identity, 1939)",50322,albalag,82100,0.6268
Nishida Kitarō / 西田幾多郎,"絶対矛盾的自己同一 (Absolute Contradictory Self-Identity, 1939)",50322,albert-great,74990,0.6156
Nishida Kitarō / 西田幾多郎,"絶対矛盾的自己同一 (Absolute Contradictory Self-Identity, 1939)",50322,albert-saxony,35992,0.4688
Nishida Kitarō / 西田幾多郎,"絶対矛盾的自己同一 (Absolute Contradictory Self-Identity, 1939)",50322,albo-joseph,47544,0.4576
Nishida Kitarō / 西田幾多郎,"絶対矛盾的自己同一 (Absolute Contradictory Self-Identity, 1939)",50322,alcmaeon,58082,0.5231
Nishida Kitarō / 西田幾多郎,"絶対矛盾的自己同一 (Absolute Contradictory Self-Identity, 1939)",50322,alexander,52520,0.6099
Nishida Kitarō / 西田幾多郎,"絶対矛盾的自己同一 (Absolute Contradictory Self-Identity, 1939)",50322,alexander-aphrodisias,74028,0.5396
Nishida Kitarō / 西田幾多郎,"絶対矛盾的自己同一 (Absolute Contradictory Self-Identity, 1939)",50322,alexander-crummell,74136,0.6073
Nishida Kitarō / 西田幾多郎,"絶対矛盾的自己同一 (Absolute Contradictory Self-Identity, 1939)",50322,alexander-humboldt,88302,0.4616
Nishida Kitarō / 西田幾多郎,"絶対矛盾的自己同一 (Absolute Contradictory Self-Identity, 1939)",50322,althusser,94704,0.5346
Nishida Kitarō / 西田幾多郎,"絶対矛盾的自己同一 (Absolute Contradictory Self-Identity, 1939)",50322,alyngton,60766,0.6541
Nishida Kitarō / 西田幾多郎,"絶対矛盾的自己同一 (Absolute Contradictory Self-Identity, 1939)",50322,ammonius,88404,0.4767
Nishida Kitarō / 西田幾多郎,"絶対矛盾的自己同一 (Absolute Contradictory Self-Identity, 1939)",50322,anaxagoras,71165,0.6056
Nishida Kitarō / 西田幾多郎,"絶対矛盾的自己同一 (Absolute Contradictory Self-Identity, 1939)",50322,anderson-john,88384,0.6305
Nishida Kitarō / 西田幾多郎,"絶対矛盾的自己同一 (Absolute Contradictory Self-Identity, 1939)",50322,anna-julia-cooper,99707,0.3872
Nishida Kitarō / 西田幾多郎,"絶対矛盾的自己同一 (Absolute Contradictory Self-Identity, 1939)",50322,anscombe,66048,0.6113
Nishida Kitarō / 西田幾多郎,"絶対矛盾的自己同一 (Absolute Contradictory Self-Identity, 1939)",50322,anselm,44248,0.6436
Nishida Kitarō / 西田幾多郎,"絶対矛盾的自己同一 (Absolute Contradictory Self-Identity, 1939)",50322,antiochus-ascalon,34903,0.5299
Nishida Kitarō / 西田幾多郎,"絶対矛盾的自己同一 (Absolute Contradictory Self-Identity, 1939)",50322,antonio-rosmini,57060,0.7301
Nishida Kitarō / 西田幾多郎,"絶対矛盾的自己同一 (Absolute Contradictory Self-Identity, 1939)",50322,aquinas,116371,0.6309
Nishida Kitarō / 西田幾多郎,"絶対矛盾的自己同一 (Absolute Contradictory Self-Identity, 1939)",50322,arcesilaus,69050,0.5295
Nishida Kitarō / 西田幾多郎,"絶対矛盾的自己同一 (Absolute Contradictory Self-Identity, 1939)",50322,archytas,108213,0.4615
Nishida Kitarō / 西田幾多郎,"絶対矛盾的自己同一 (Absolute Contradictory Self-Identity, 1939)",50322,arendt,97091,0.6673
Nishida Kitarō / 西田幾多郎,"絶対矛盾的自己同一 (Absolute Contradictory Self-Identity, 1939)",50322,aristotle,145744,0.6556
Nishida Kitarō / 西田幾多郎,"絶対矛盾的自己同一 (Absolute Contradictory Self-Identity, 1939)",50322,arnauld,130687,0.5885
Nishida Kitarō / 西田幾多郎,"絶対矛盾的自己同一 (Absolute Contradictory Self-Identity, 1939)",50322,astell,83883,0.6628
Nishida Kitarō / 西田幾多郎,"絶対矛盾的自己同一 (Absolute Contradictory Self-Identity, 1939)",50322,august-rehberg,56341,0.4898
Nishida Kitarō / 西田幾多郎,"絶対矛盾的自己同一 (Absolute Contradictory Self-Identity, 1939)",50322,augustine,189535,0.585
Nishida Kitarō / 西田幾多郎,"絶対矛盾的自己同一 (Absolute Contradictory Self-Identity, 1939)",50322,auriol,63037,0.6246
Nishida Kitarō / 西田幾多郎,"絶対矛盾的自己同一 (Absolute Contradictory Self-Identity, 1939)",50322,austin-jl,133014,0.5587
Nishida Kitarō / 西田幾多郎,"絶対矛盾的自己同一 (Absolute Contradictory Self-Identity, 1939)",50322,austin-john,35237,0.3807
Nishida Kitarō / 西田幾多郎,"絶対矛盾的自己同一 (Absolute Contradictory Self-Identity, 1939)",50322,autrecourt,32240,0.4591
Nishida Kitarō / 西田幾多郎,"絶対矛盾的自己同一 (Absolute Contradictory Self-Identity, 1939)",50322,ayer,83888,0.5486
Nishida Kitarō / 西田幾多郎,"絶対矛盾的自己同一 (Absolute Contradictory Self-Identity, 1939)",50322,ayn-rand,108332,0.6101
Nishida Kitarō / 西田幾多郎,"絶対矛盾的自己同一 (Absolute Contradictory Self-Identity, 1939)",50322,baudrillard,92850,0.6509
Nishida Kitarō / 西田幾多郎,"絶対矛盾的自己同一 (Absolute Contradictory Self-Identity, 1939)",50322,bauer,65261,0.5193
Nishida Kitarō / 西田幾多郎,"絶対矛盾的自己同一 (Absolute Contradictory Self-Identity, 1939)",50322,bayle,71814,0.4434
Nishida Kitarō / 西田幾多郎,"絶対矛盾的自己同一 (Absolute Contradictory Self-Identity, 1939)",50322,beauvoir,130158,0.5293
Nishida Kitarō / 西田幾多郎,"絶対矛盾的自己同一 (Absolute Contradictory Self-Identity, 1939)",50322,benjamin,132946,0.5708
Nishida Kitarō / 西田幾多郎,"絶対矛盾的自己同一 (Absolute Contradictory Self-Identity, 1939)",50322,bentham,119009,0.4544
Nishida Kitarō / 西田幾多郎,"絶対矛盾的自己同一 (Absolute Contradictory Self-Identity, 1939)",50322,bergson,75781,0.6188
Nishida Kitarō / 西田幾多郎,"絶対矛盾的自己同一 (Absolute Contradictory Self-Identity, 1939)",50322,berkeley,66222,0.6569
Nishida Kitarō / 西田幾多郎,"絶対矛盾的自己同一 (Absolute Contradictory Self-Identity, 1939)",50322,berlin,129531,0.6005
Nishida Kitarō / 西田幾多郎,"絶対矛盾的自己同一 (Absolute Contradictory Self-Identity, 1939)",50322,bessarion,40178,0.3442
Nishida Kitarō / 西田幾多郎,"絶対矛盾的自己同一 (Absolute Contradictory Self-Identity, 1939)",50322,bloch,70253,0.6285
Nishida Kitarō / 西田幾多郎,"絶対矛盾的自己同一 (Absolute Contradictory Self-Identity, 1939)",50322,bodin,124284,0.3465
Nishida Kitarō / 西田幾多郎,"絶対矛盾的自己同一 (Absolute Contradictory Self-Identity, 1939)",50322,boethius,62682,0.5741
Nishida Kitarō / 西田幾多郎,"絶対矛盾的自己同一 (Absolute Contradictory Self-Identity, 1939)",50322,boethius-dacia,54051,0.6263
Nishida Kitarō / 西田幾多郎,"絶対矛盾的自己同一 (Absolute Contradictory Self-Identity, 1939)",50322,bolzano,155132,0.5213
Nishida Kitarō / 西田幾多郎,"絶対矛盾的自己同一 (Absolute Contradictory Self-Identity, 1939)",50322,bonaventure,109175,0.6066
Nishida Kitarō / 西田幾多郎,"絶対矛盾的自己同一 (Absolute Contradictory Self-Identity, 1939)",50322,boole,88621,0.3037
Nishida Kitarō / 西田幾多郎,"絶対矛盾的自己同一 (Absolute Contradictory Self-Identity, 1939)",50322,bosanquet,96950,0.5451
Nishida Kitarō / 西田幾多郎,"絶対矛盾的自己同一 (Absolute Contradictory Self-Identity, 1939)",50322,boyle,111911,0.6076
Nishida Kitarō / 西田幾多郎,"絶対矛盾的自己同一 (Absolute Contradictory Self-Identity, 1939)",50322,bradley,67270,0.6166
Nishida Kitarō / 西田幾多郎,"絶対矛盾的自己同一 (Absolute Contradictory Self-Identity, 1939)",50322,brentano,87726,0.586
Nishida Kitarō / 西田幾多郎,"絶対矛盾的自己同一 (Absolute Contradictory Self-Identity, 1939)",50322,broad,78488,0.7066
Nishida Kitarō / 西田幾多郎,"絶対矛盾的自己同一 (Absolute Contradictory Self-Identity, 1939)",50322,brouwer,44368,0.3842
Nishida Kitarō / 西田幾多郎,"絶対矛盾的自己同一 (Absolute Contradictory Self-Identity, 1939)",50322,bruno,145683,0.5845
Nishida Kitarō / 西田幾多郎,"絶対矛盾的自己同一 (Absolute Contradictory Self-Identity, 1939)",50322,buber,66928,0.4924
Nishida Kitarō / 西田幾多郎,"絶対矛盾的自己同一 (Absolute Contradictory Self-Identity, 1939)",50322,buddha,50785,0.657
Nishida Kitarō / 西田幾多郎,"絶対矛盾的自己同一 (Absolute Contradictory Self-Identity, 1939)",50322,buridan,87906,0.6056
Nishida Kitarō / 西田幾多郎,"絶対矛盾的自己同一 (Absolute Contradictory Self-Identity, 1939)",50322,burke,90308,0.5083
Nishida Kitarō / 西田幾多郎,"絶対矛盾的自己同一 (Absolute Contradictory Self-Identity, 1939)",50322,burley,115565,0.6597
Nishida Kitarō / 西田幾多郎,"絶対矛盾的自己同一 (Absolute Contradictory Self-Identity, 1939)",50322,campanella,82531,0.5575
Nishida Kitarō / 西田幾多郎,"絶対矛盾的自己同一 (Absolute Contradictory Self-Identity, 1939)",50322,camus,80128,0.566
Nishida Kitarō / 西田幾多郎,"絶対矛盾的自己同一 (Absolute Contradictory Self-Identity, 1939)",50322,cardano,83556,0.6558
Nishida Kitarō / 西田幾多郎,"絶対矛盾的自己同一 (Absolute Contradictory Self-Identity, 1939)",50322,carnap,210237,0.529
Nishida Kitarō / 西田幾多郎,"絶対矛盾的自己同一 (Absolute Contradictory Self-Identity, 1939)",50322,carneades,47385,0.5803
Nishida Kitarō / 西田幾多郎,"絶対矛盾的自己同一 (Absolute Contradictory Self-Identity, 1939)",50322,cassirer,60498,0.6602
Nishida Kitarō / 西田幾多郎,"絶対矛盾的自己同一 (Absolute Contradictory Self-Identity, 1939)",50322,catharine-macaulay,75941,0.4518
Nishida Kitarō / 西田幾多郎,"絶対矛盾的自己同一 (Absolute Contradictory Self-Identity, 1939)",50322,chisholm,111067,0.6591
Nishida Kitarō / 西田幾多郎,"絶対矛盾的自己同一 (Absolute Contradictory Self-Identity, 1939)",50322,church,149178,0.5229
Nishida Kitarō / 西田幾多郎,"絶対矛盾的自己同一 (Absolute Contradictory Self-Identity, 1939)",50322,cicero,83024,0.5672
Nishida Kitarō / 西田幾多郎,"絶対矛盾的自己同一 (Absolute Contradictory Self-Identity, 1939)",50322,clarke,92724,0.5813
Nishida Kitarō / 西田幾多郎,"絶対矛盾的自己同一 (Absolute Contradictory Self-Identity, 1939)",50322,cockburn,21972,0.5078
Nishida Kitarō / 西田幾多郎,"絶対矛盾的自己同一 (Absolute Contradictory Self-Identity, 1939)",50322,cohen,95490,0.5488
Nishida Kitarō / 西田幾多郎,"絶対矛盾的自己同一 (Absolute Contradictory Self-Identity, 1939)",50322,collingwood,122058,0.6471
Nishida Kitarō / 西田幾多郎,"絶対矛盾的自己同一 (Absolute Contradictory Self-Identity, 1939)",50322,collins,147634,0.5329
Nishida Kitarō / 西田幾多郎,"絶対矛盾的自己同一 (Absolute Contradictory Self-Identity, 1939)",50322,comte,1828,0.4083
Nishida Kitarō / 西田幾多郎,"絶対矛盾的自己同一 (Absolute Contradictory Self-Identity, 1939)",50322,condillac,96062,0.7025
Nishida Kitarō / 西田幾多郎,"絶対矛盾的自己同一 (Absolute Contradictory Self-Identity, 1939)",50322,confucius,73300,0.4831
Nishida Kitarō / 西田幾多郎,"絶対矛盾的自己同一 (Absolute Contradictory Self-Identity, 1939)",50322,consequence-medieval,87811,0.5365
Nishida Kitarō / 西田幾多郎,"絶対矛盾的自己同一 (Absolute Contradictory Self-Identity, 1939)",50322,conway,27816,0.5959
Nishida Kitarō / 西田幾多郎,"絶対矛盾的自己同一 (Absolute Contradictory Self-Identity, 1939)",50322,copernicus,47058,0.3714
Nishida Kitarō / 西田幾多郎,"絶対矛盾的自己同一 (Absolute Contradictory Self-Identity, 1939)",50322,cordemoy,24863,0.6818
Nishida Kitarō / 西田幾多郎,"絶対矛盾的自己同一 (Absolute Contradictory Self-Identity, 1939)",50322,crathorn,24237,0.6152
Nishida Kitarō / 西田幾多郎,"絶対矛盾的自己同一 (Absolute Contradictory Self-Identity, 1939)",50322,crescas,61149,0.5107
Nishida Kitarō / 西田幾多郎,"絶対矛盾的自己同一 (Absolute Contradictory Self-Identity, 1939)",50322,cudworth,48093,0.6014
Nishida Kitarō / 西田幾多郎,"絶対矛盾的自己同一 (Absolute Contradictory Self-Identity, 1939)",50322,cusanus,100566,0.6752
Nishida Kitarō / 西田幾多郎,"絶対矛盾的自己同一 (Absolute Contradictory Self-Identity, 1939)",50322,dante,110390,0.5199
Nishida Kitarō / 西田幾多郎,"絶対矛盾的自己同一 (Absolute Contradictory Self-Identity, 1939)",50322,david,12440,0.4453
Nishida Kitarō / 西田幾多郎,"絶対矛盾的自己同一 (Absolute Contradictory Self-Identity, 1939)",50322,david-lewis,158492,0.6053
Nishida Kitarō / 西田幾多郎,"絶対矛盾的自己同一 (Absolute Contradictory Self-Identity, 1939)",50322,davidson,86963,0.5812
Nishida Kitarō / 西田幾多郎,"絶対矛盾的自己同一 (Absolute Contradictory Self-Identity, 1939)",50322,deleuze,120638,0.6499
Nishida Kitarō / 西田幾多郎,"絶対矛盾的自己同一 (Absolute Contradictory Self-Identity, 1939)",50322,della-porta,83319,0.432
Nishida Kitarō / 西田幾多郎,"絶対矛盾的自己同一 (Absolute Contradictory Self-Identity, 1939)",50322,delmedigo,38766,0.44
Nishida Kitarō / 西田幾多郎,"絶対矛盾的自己同一 (Absolute Contradictory Self-Identity, 1939)",50322,democritus,38590,0.6309
Nishida Kitarō / 西田幾多郎,"絶対矛盾的自己同一 (Absolute Contradictory Self-Identity, 1939)",50322,derrida,81463,0.5944
Nishida Kitarō / 西田幾多郎,"絶対矛盾的自己同一 (Absolute Contradictory Self-Identity, 1939)",50322,descartes,147007,0.6099
Nishida Kitarō / 西田幾多郎,"絶対矛盾的自己同一 (Absolute Contradictory Self-Identity, 1939)",50322,desgabets,57875,0.6648
Nishida Kitarō / 西田幾多郎,"絶対矛盾的自己同一 (Absolute Contradictory Self-Identity, 1939)",50322,dewey,123491,0.6311
Nishida Kitarō / 西田幾多郎,"絶対矛盾的自己同一 (Absolute Contradictory Self-Identity, 1939)",50322,dharmakiirti,107124,0.5662
Nishida Kitarō / 西田幾多郎,"絶対矛盾的自己同一 (Absolute Contradictory Self-Identity, 1939)",50322,diderot,123943,0.6275
Nishida Kitarō / 西田幾多郎,"絶対矛盾的自己同一 (Absolute Contradictory Self-Identity, 1939)",50322,dietrich-freiberg,79253,0.5892
Nishida Kitarō / 西田幾多郎,"絶対矛盾的自己同一 (Absolute Contradictory Self-Identity, 1939)",50322,dilthey,85569,0.7664
Nishida Kitarō / 西田幾多郎,"絶対矛盾的自己同一 (Absolute Contradictory Self-Identity, 1939)",50322,diodorus-cronus,71397,0.5773
Nishida Kitarō / 西田幾多郎,"絶対矛盾的自己同一 (Absolute Contradictory Self-Identity, 1939)",50322,du-bos,38393,0.495
Nishida Kitarō / 西田幾多郎,"絶対矛盾的自己同一 (Absolute Contradictory Self-Identity, 1939)",50322,dubois,114539,0.5185
Nishida Kitarō / 西田幾多郎,"絶対矛盾的自己同一 (Absolute Contradictory Self-Identity, 1939)",50322,duhem,71923,0.5165
Nishida Kitarō / 西田幾多郎,"絶対矛盾的自己同一 (Absolute Contradictory Self-Identity, 1939)",50322,duns-scotus,66213,0.6536
Nishida Kitarō / 西田幾多郎,"絶対矛盾的自己同一 (Absolute Contradictory Self-Identity, 1939)",50322,edwards,55086,0.6198
Nishida Kitarō / 西田幾多郎,"絶対矛盾的自己同一 (Absolute Contradictory Self-Identity, 1939)",50322,ehrenfels,75699,0.5647
Nishida Kitarō / 西田幾多郎,"絶対矛盾的自己同一 (Absolute Contradictory Self-Identity, 1939)",50322,elias,12636,0.4174
Nishida Kitarō / 西田幾多郎,"絶対矛盾的自己同一 (Absolute Contradictory Self-Identity, 1939)",50322,elisabeth-bohemia,38634,0.4226
Nishida Kitarō / 西田幾多郎,"絶対矛盾的自己同一 (Absolute Contradictory Self-Identity, 1939)",50322,emerson,51322,0.5971
Nishida Kitarō / 西田幾多郎,"絶対矛盾的自己同一 (Absolute Contradictory Self-Identity, 1939)",50322,emilie-du-chatelet,87477,0.6122
Nishida Kitarō / 西田幾多郎,"絶対矛盾的自己同一 (Absolute Contradictory Self-Identity, 1939)",50322,emily-elizabeth-constance-jones,75474,0.534
Nishida Kitarō / 西田幾多郎,"絶対矛盾的自己同一 (Absolute Contradictory Self-Identity, 1939)",50322,empedocles,77299,0.6362
Nishida Kitarō / 西田幾多郎,"絶対矛盾的自己同一 (Absolute Contradictory Self-Identity, 1939)",50322,epictetus,42904,0.6095
Nishida Kitarō / 西田幾多郎,"絶対矛盾的自己同一 (Absolute Contradictory Self-Identity, 1939)",50322,epicurus,70774,0.6413
Nishida Kitarō / 西田幾多郎,"絶対矛盾的自己同一 (Absolute Contradictory Self-Identity, 1939)",50322,erasmus,72477,0.4786
Nishida Kitarō / 西田幾多郎,"絶対矛盾的自己同一 (Absolute Contradictory Self-Identity, 1939)",50322,erfurt,32262,0.5273
Nishida Kitarō / 西田幾多郎,"絶対矛盾的自己同一 (Absolute Contradictory Self-Identity, 1939)",50322,ernst-mach,76311,0.6465
Nishida Kitarō / 西田幾多郎,"絶対矛盾的自己同一 (Absolute Contradictory Self-Identity, 1939)",50322,falaquera,51748,0.4078
Nishida Kitarō / 西田幾多郎,"絶対矛盾的自己同一 (Absolute Contradictory Self-Identity, 1939)",50322,fechner,75075,0.6206
Nishida Kitarō / 西田幾多郎,"絶対矛盾的自己同一 (Absolute Contradictory Self-Identity, 1939)",50322,feigl,66068,0.6229
Nishida Kitarō / 西田幾多郎,"絶対矛盾的自己同一 (Absolute Contradictory Self-Identity, 1939)",50322,feyerabend,167393,0.5276
Nishida Kitarō / 西田幾多郎,"絶対矛盾的自己同一 (Absolute Contradictory Self-Identity, 1939)",50322,ficino,59497,0.4367
Nishida Kitarō / 西田幾多郎,"絶対矛盾的自己同一 (Absolute Contradictory Self-Identity, 1939)",50322,findlay,87164,0.6576
Nishida Kitarō / 西田幾多郎,"絶対矛盾的自己同一 (Absolute Contradictory Self-Identity, 1939)",50322,fitzralph,44938,0.5406
Nishida Kitarō / 西田幾多郎,"絶対矛盾的自己同一 (Absolute Contradictory Self-Identity, 1939)",50322,fleck,85865,0.6626
Nishida Kitarō / 西田幾多郎,"絶対矛盾的自己同一 (Absolute Contradictory Self-Identity, 1939)",50322,foucault,71347,0.641
Nishida Kitarō / 西田幾多郎,"絶対矛盾的自己同一 (Absolute Contradictory Self-Identity, 1939)",50322,francis-bacon,98798,0.526
Nishida Kitarō / 西田幾多郎,"絶対矛盾的自己同一 (Absolute Contradictory Self-Identity, 1939)",50322,francis-marchia,59118,0.4223
Nishida Kitarō / 西田幾多郎,"絶対矛盾的自己同一 (Absolute Contradictory Self-Identity, 1939)",50322,francisco-sanches,90776,0.5133
Nishida Kitarō / 西田幾多郎,"絶対矛盾的自己同一 (Absolute Contradictory Self-Identity, 1939)",50322,francois-barre,83603,0.5688
Nishida Kitarō / 西田幾多郎,"絶対矛盾的自己同一 (Absolute Contradictory Self-Identity, 1939)",50322,frantz-fanon,61216,0.4394
Nishida Kitarō / 西田幾多郎,"絶対矛盾的自己同一 (Absolute Contradictory Self-Identity, 1939)",50322,frederick-douglass,86476,0.3632
Nishida Kitarō / 西田幾多郎,"絶対矛盾的自己同一 (Absolute Contradictory Self-Identity, 1939)",50322,frege,117516,0.4538
Nishida Kitarō / 西田幾多郎,"絶対矛盾的自己同一 (Absolute Contradictory Self-Identity, 1939)",50322,friedrich-hayek,67758,0.5363
Nishida Kitarō / 西田幾多郎,"絶対矛盾的自己同一 (Absolute Contradictory Self-Identity, 1939)",50322,friedrich-jacobi,100953,0.5223
Nishida Kitarō / 西田幾多郎,"絶対矛盾的自己同一 (Absolute Contradictory Self-Identity, 1939)",50322,friedrich-lange,99637,0.5719
Nishida Kitarō / 西田幾多郎,"絶対矛盾的自己同一 (Absolute Contradictory Self-Identity, 1939)",50322,fuller-margaret,41898,0.3287
Nishida Kitarō / 西田幾多郎,"絶対矛盾的自己同一 (Absolute Contradictory Self-Identity, 1939)",50322,gadamer,64826,0.5332
Nishida Kitarō / 西田幾多郎,"絶対矛盾的自己同一 (Absolute Contradictory Self-Identity, 1939)",50322,galen,114333,0.5851
Nishida Kitarō / 西田幾多郎,"絶対矛盾的自己同一 (Absolute Contradictory Self-Identity, 1939)",50322,galileo,87896,0.4535
Nishida Kitarō / 西田幾多郎,"絶対矛盾的自己同一 (Absolute Contradictory Self-Identity, 1939)",50322,gangesa,114855,0.5588
Nishida Kitarō / 西田幾多郎,"絶対矛盾的自己同一 (Absolute Contradictory Self-Identity, 1939)",50322,gassendi,117622,0.563
Nishida Kitarō / 西田幾多郎,"絶対矛盾的自己同一 (Absolute Contradictory Self-Identity, 1939)",50322,gasset,181593,0.7382
Nishida Kitarō / 西田幾多郎,"絶対矛盾的自己同一 (Absolute Contradictory Self-Identity, 1939)",50322,gersonides,51191,0.5532
Nishida Kitarō / 西田幾多郎,"絶対矛盾的自己同一 (Absolute Contradictory Self-Identity, 1939)",50322,giles,56142,0.4259
Nishida Kitarō / 西田幾多郎,"絶対矛盾的自己同一 (Absolute Contradictory Self-Identity, 1939)",50322,godfrey,58449,0.6105
Nishida Kitarō / 西田幾多郎,"絶対矛盾的自己同一 (Absolute Contradictory Self-Identity, 1939)",50322,godwin,41518,0.5065
Nishida Kitarō / 西田幾多郎,"絶対矛盾的自己同一 (Absolute Contradictory Self-Identity, 1939)",50322,goedel,127795,0.4439
Nishida Kitarō / 西田幾多郎,"絶対矛盾的自己同一 (Absolute Contradictory Self-Identity, 1939)",50322,gomez-pereira,68999,0.6636
Nishida Kitarō / 西田幾多郎,"絶対矛盾的自己同一 (Absolute Contradictory Self-Identity, 1939)",50322,goodman,89248,0.5912
Nishida Kitarō / 西田幾多郎,"絶対矛盾的自己同一 (Absolute Contradictory Self-Identity, 1939)",50322,gorampa,40034,0.5104
Nishida Kitarō / 西田幾多郎,"絶対矛盾的自己同一 (Absolute Contradictory Self-Identity, 1939)",50322,gramsci,70157,0.4051
Nishida Kitarō / 西田幾多郎,"絶対矛盾的自己同一 (Absolute Contradictory Self-Identity, 1939)",50322,green,96989,0.6043
Nishida Kitarō / 西田幾多郎,"絶対矛盾的自己同一 (Absolute Contradictory Self-Identity, 1939)",50322,gregory-rimini,59498,0.4745
Nishida Kitarō / 西田幾多郎,"絶対矛盾的自己同一 (Absolute Contradictory Self-Identity, 1939)",50322,grice,60807,0.5448
Nishida Kitarō / 西田幾多郎,"絶対矛盾的自己同一 (Absolute Contradictory Self-Identity, 1939)",50322,grosseteste,95880,0.5563
Nishida Kitarō / 西田幾多郎,"絶対矛盾的自己同一 (Absolute Contradictory Self-Identity, 1939)",50322,grotius,68392,0.5093
Nishida Kitarō / 西田幾多郎,"絶対矛盾的自己同一 (Absolute Contradictory Self-Identity, 1939)",50322,habermas,210528,0.6188
Nishida Kitarō / 西田幾多郎,"絶対矛盾的自己同一 (Absolute Contradictory Self-Identity, 1939)",50322,halevi,90029,0.5634
Nishida Kitarō / 西田幾多郎,"絶対矛盾的自己同一 (Absolute Contradictory Self-Identity, 1939)",50322,hamann,62214,0.5885
Nishida Kitarō / 西田幾多郎,"絶対矛盾的自己同一 (Absolute Contradictory Self-Identity, 1939)",50322,hare,83633,0.6008
Nishida Kitarō / 西田幾多郎,"絶対矛盾的自己同一 (Absolute Contradictory Self-Identity, 1939)",50322,harriet-mill,51878,0.3589
Nishida Kitarō / 西田幾多郎,"絶対矛盾的自己同一 (Absolute Contradictory Self-Identity, 1939)",50322,hartley,87906,0.6525
Nishida Kitarō / 西田幾多郎,"絶対矛盾的自己同一 (Absolute Contradictory Self-Identity, 1939)",50322,hartshorne,76892,0.6904
Nishida Kitarō / 西田幾多郎,"絶対矛盾的自己同一 (Absolute Contradictory Self-Identity, 1939)",50322,hegel,150291,0.626
Nishida Kitarō / 西田幾多郎,"絶対矛盾的自己同一 (Absolute Contradictory Self-Identity, 1939)",50322,heidegger,197896,0.6954
Nishida Kitarō / 西田幾多郎,"絶対矛盾的自己同一 (Absolute Contradictory Self-Identity, 1939)",50322,heinrich-rickert,108833,0.7241
Nishida Kitarō / 西田幾多郎,"絶対矛盾的自己同一 (Absolute Contradictory Self-Identity, 1939)",50322,hempel,112538,0.5622
Nishida Kitarō / 西田幾多郎,"絶対矛盾的自己同一 (Absolute Contradictory Self-Identity, 1939)",50322,henricus-regius,47479,0.5667
Nishida Kitarō / 西田幾多郎,"絶対矛盾的自己同一 (Absolute Contradictory Self-Identity, 1939)",50322,henry-ghent,85659,0.6819
Nishida Kitarō / 西田幾多郎,"絶対矛盾的自己同一 (Absolute Contradictory Self-Identity, 1939)",50322,henry-more,122075,0.6369
Nishida Kitarō / 西田幾多郎,"絶対矛盾的自己同一 (Absolute Contradictory Self-Identity, 1939)",50322,heraclitus,44673,0.607
Nishida Kitarō / 西田幾多郎,"絶対矛盾的自己同一 (Absolute Contradictory Self-Identity, 1939)",50322,herder,168258,0.5946
Nishida Kitarō / 西田幾多郎,"絶対矛盾的自己同一 (Absolute Contradictory Self-Identity, 1939)",50322,hermann-helmholtz,98320,0.5243
Nishida Kitarō / 西田幾多郎,"絶対矛盾的自己同一 (Absolute Contradictory Self-Identity, 1939)",50322,hermann-lotze,99004,0.7144
Nishida Kitarō / 西田幾多郎,"絶対矛盾的自己同一 (Absolute Contradictory Self-Identity, 1939)",50322,heytesbury,85920,0.5175
Nishida Kitarō / 西田幾多郎,"絶対矛盾的自己同一 (Absolute Contradictory Self-Identity, 1939)",50322,hobbes,63819,0.4894
Nishida Kitarō / 西田幾多郎,"絶対矛盾的自己同一 (Absolute Contradictory Self-Identity, 1939)",50322,holbach,34477,0.5697
Nishida Kitarō / 西田幾多郎,"絶対矛盾的自己同一 (Absolute Contradictory Self-Identity, 1939)",50322,holkot,49096,0.5693
Nishida Kitarō / 西田幾多郎,"絶対矛盾的自己同一 (Absolute Contradictory Self-Identity, 1939)",50322,horkheimer,75665,0.6148
Nishida Kitarō / 西田幾多郎,"絶対矛盾的自己同一 (Absolute Contradictory Self-Identity, 1939)",50322,hume,129304,0.6276
Nishida Kitarō / 西田幾多郎,"絶対矛盾的自己同一 (Absolute Contradictory Self-Identity, 1939)",50322,husserl,152478,0.7327
Nishida Kitarō / 西田幾多郎,"絶対矛盾的自己同一 (Absolute Contradictory Self-Identity, 1939)",50322,hutcheson,74415,0.6295
Nishida Kitarō / 西田幾多郎,"絶対矛盾的自己同一 (Absolute Contradictory Self-Identity, 1939)",50322,iamblichus,107043,0.5783
Nishida Kitarō / 西田幾多郎,"絶対矛盾的自己同一 (Absolute Contradictory Self-Identity, 1939)",50322,ibn-arabi,89646,0.5968
Nishida Kitarō / 西田幾多郎,"絶対矛盾的自己同一 (Absolute Contradictory Self-Identity, 1939)",50322,ibn-bajja,117735,0.5651
Nishida Kitarō / 西田幾多郎,"絶対矛盾的自己同一 (Absolute Contradictory Self-Identity, 1939)",50322,ibn-ezra,68386,0.4498
Nishida Kitarō / 西田幾多郎,"絶対矛盾的自己同一 (Absolute Contradictory Self-Identity, 1939)",50322,ibn-gabirol,87218,0.5455
Nishida Kitarō / 西田幾多郎,"絶対矛盾的自己同一 (Absolute Contradictory Self-Identity, 1939)",50322,ibn-kammuna,58550,0.4965
Nishida Kitarō / 西田幾多郎,"絶対矛盾的自己同一 (Absolute Contradictory Self-Identity, 1939)",50322,ibn-rushd,137877,0.4829
Nishida Kitarō / 西田幾多郎,"絶対矛盾的自己同一 (Absolute Contradictory Self-Identity, 1939)",50322,ibn-sina,77240,0.533
Nishida Kitarō / 西田幾多郎,"絶対矛盾的自己同一 (Absolute Contradictory Self-Identity, 1939)",50322,ingarden,52942,0.6335
Nishida Kitarō / 西田幾多郎,"絶対矛盾的自己同一 (Absolute Contradictory Self-Identity, 1939)",50322,israeli,47269,0.4779
Nishida Kitarō / 西田幾多郎,"絶対矛盾的自己同一 (Absolute Contradictory Self-Identity, 1939)",50322,james,54711,0.593
Nishida Kitarō / 西田幾多郎,"絶対矛盾的自己同一 (Absolute Contradictory Self-Identity, 1939)",50322,james-mill,69501,0.4739
Nishida Kitarō / 西田幾多郎,"絶対矛盾的自己同一 (Absolute Contradictory Self-Identity, 1939)",50322,james-viterbo,80068,0.6064
Nishida Kitarō / 西田幾多郎,"絶対矛盾的自己同一 (Absolute Contradictory Self-Identity, 1939)",50322,james-ward,43653,0.6609
Nishida Kitarō / 西田幾多郎,"絶対矛盾的自己同一 (Absolute Contradictory Self-Identity, 1939)",50322,jaspers,78855,0.5499
Nishida Kitarō / 西田幾多郎,"絶対矛盾的自己同一 (Absolute Contradictory Self-Identity, 1939)",50322,jayaraasi,54565,0.5042
Nishida Kitarō / 西田幾多郎,"絶対矛盾的自己同一 (Absolute Contradictory Self-Identity, 1939)",50322,jefferson,103378,0.4656
Nishida Kitarō / 西田幾多郎,"絶対矛盾的自己同一 (Absolute Contradictory Self-Identity, 1939)",50322,joane-petrizi,31183,0.4617
Nishida Kitarō / 西田幾多郎,"絶対矛盾的自己同一 (Absolute Contradictory Self-Identity, 1939)",50322,johann-fichte,85456,0.5907
Nishida Kitarō / 西田幾多郎,"絶対矛盾的自己同一 (Absolute Contradictory Self-Identity, 1939)",50322,johann-herbart,145051,0.7171
Nishida Kitarō / 西田幾多郎,"絶対矛盾的自己同一 (Absolute Contradictory Self-Identity, 1939)",50322,johann-sturm,57886,0.5686
Nishida Kitarō / 西田幾多郎,"絶対矛盾的自己同一 (Absolute Contradictory Self-Identity, 1939)",50322,john-norris,59224,0.6357
Nishida Kitarō / 西田幾多郎,"絶対矛盾的自己同一 (Absolute Contradictory Self-Identity, 1939)",50322,john-salisbury,1878,0.3422
Nishida Kitarō / 西田幾多郎,"絶対矛盾的自己同一 (Absolute Contradictory Self-Identity, 1939)",50322,justus-lipsius,57626,0.4706
Nishida Kitarō / 西田幾多郎,"絶対矛盾的自己同一 (Absolute Contradictory Self-Identity, 1939)",50322,kant,148977,0.6962
Nishida Kitarō / 西田幾多郎,"絶対矛盾的自己同一 (Absolute Contradictory Self-Identity, 1939)",50322,karl-reinhold,71721,0.4917
Nishida Kitarō / 西田幾多郎,"絶対矛盾的自己同一 (Absolute Contradictory Self-Identity, 1939)",50322,kaspi-joseph,33382,0.456
Nishida Kitarō / 西田幾多郎,"絶対矛盾的自己同一 (Absolute Contradictory Self-Identity, 1939)",50322,kepler,80866,0.3933
Nishida Kitarō / 西田幾多郎,"絶対矛盾的自己同一 (Absolute Contradictory Self-Identity, 1939)",50322,kierkegaard,119676,0.5672
Nishida Kitarō / 西田幾多郎,"絶対矛盾的自己同一 (Absolute Contradictory Self-Identity, 1939)",50322,kilvington,69161,0.5716
Nishida Kitarō / 西田幾多郎,"絶対矛盾的自己同一 (Absolute Contradictory Self-Identity, 1939)",50322,kukai,117555,0.4723
Nishida Kitarō / 西田幾多郎,"絶対矛盾的自己同一 (Absolute Contradictory Self-Identity, 1939)",50322,kumaarila,103698,0.5184
Nishida Kitarō / 西田幾多郎,"絶対矛盾的自己同一 (Absolute Contradictory Self-Identity, 1939)",50322,la-forge,48296,0.6672
Nishida Kitarō / 西田幾多郎,"絶対矛盾的自己同一 (Absolute Contradictory Self-Identity, 1939)",50322,lacan,91125,0.5794
Nishida Kitarō / 西田幾多郎,"絶対矛盾的自己同一 (Absolute Contradictory Self-Identity, 1939)",50322,lady-masham,22883,0.4146
Nishida Kitarō / 西田幾多郎,"絶対矛盾的自己同一 (Absolute Contradictory Self-Identity, 1939)",50322,lakatos,123681,0.5177
Nishida Kitarō / 西田幾多郎,"絶対矛盾的自己同一 (Absolute Contradictory Self-Identity, 1939)",50322,lambert-auxerre,31294,0.3622
Nishida Kitarō / 西田幾多郎,"絶対矛盾的自己同一 (Absolute Contradictory Self-Identity, 1939)",50322,laozi,117361,0.4052
Nishida Kitarō / 西田幾多郎,"絶対矛盾的自己同一 (Absolute Contradictory Self-Identity, 1939)",50322,lefevre-etaples,88711,0.4683
Nishida Kitarō / 西田幾多郎,"絶対矛盾的自己同一 (Absolute Contradictory Self-Identity, 1939)",50322,legrand,35143,0.6385
Nishida Kitarō / 西田幾多郎,"絶対矛盾的自己同一 (Absolute Contradictory Self-Identity, 1939)",50322,leibniz,118441,0.6989
Nishida Kitarō / 西田幾多郎,"絶対矛盾的自己同一 (Absolute Contradictory Self-Identity, 1939)",50322,leibowitz-yeshayahu,100330,0.5643
Nishida Kitarō / 西田幾多郎,"絶対矛盾的自己同一 (Absolute Contradictory Self-Identity, 1939)",50322,lesniewski,100489,0.4953
Nishida Kitarō / 西田幾多郎,"絶対矛盾的自己同一 (Absolute Contradictory Self-Identity, 1939)",50322,leucippus,10237,0.5285
Nishida Kitarō / 西田幾多郎,"絶対矛盾的自己同一 (Absolute Contradictory Self-Identity, 1939)",50322,levinas,205903,0.6378
Nishida Kitarō / 西田幾多郎,"絶対矛盾的自己同一 (Absolute Contradictory Self-Identity, 1939)",50322,lewis-ci,137094,0.6105
Nishida Kitarō / 西田幾多郎,"絶対矛盾的自己同一 (Absolute Contradictory Self-Identity, 1939)",50322,llull,65388,0.5449
Nishida Kitarō / 西田幾多郎,"絶対矛盾的自己同一 (Absolute Contradictory Self-Identity, 1939)",50322,locke,151674,0.5815
Nishida Kitarō / 西田幾多郎,"絶対矛盾的自己同一 (Absolute Contradictory Self-Identity, 1939)",50322,lorenzo-valla,68150,0.517
Nishida Kitarō / 西田幾多郎,"絶対矛盾的自己同一 (Absolute Contradictory Self-Identity, 1939)",50322,lucretius,93987,0.5535
Nishida Kitarō / 西田幾多郎,"絶対矛盾的自己同一 (Absolute Contradictory Self-Identity, 1939)",50322,lucrezia-marinella,75942,0.511
Nishida Kitarō / 西田幾多郎,"絶対矛盾的自己同一 (Absolute Contradictory Self-Identity, 1939)",50322,ludwig-feuerbach,117272,0.6678
Nishida Kitarō / 西田幾多郎,"絶対矛盾的自己同一 (Absolute Contradictory Self-Identity, 1939)",50322,lukacs,84944,0.6672
Nishida Kitarō / 西田幾多郎,"絶対矛盾的自己同一 (Absolute Contradictory Self-Identity, 1939)",50322,lukasiewicz,83393,0.4387
Nishida Kitarō / 西田幾多郎,"絶対矛盾的自己同一 (Absolute Contradictory Self-Identity, 1939)",50322,luther,118515,0.4184
Nishida Kitarō / 西田幾多郎,"絶対矛盾的自己同一 (Absolute Contradictory Self-Identity, 1939)",50322,luxemburg,73718,0.3966
Nishida Kitarō / 西田幾多郎,"絶対矛盾的自己同一 (Absolute Contradictory Self-Identity, 1939)",50322,lyotard,65083,0.6269
Nishida Kitarō / 西田幾多郎,"絶対矛盾的自己同一 (Absolute Contradictory Self-Identity, 1939)",50322,machiavelli,66259,0.4436
Nishida Kitarō / 西田幾多郎,"絶対矛盾的自己同一 (Absolute Contradictory Self-Identity, 1939)",50322,madeleine-scudery,59378,0.564
Nishida Kitarō / 西田幾多郎,"絶対矛盾的自己同一 (Absolute Contradictory Self-Identity, 1939)",50322,maimon,76867,0.6074
Nishida Kitarō / 西田幾多郎,"絶対矛盾的自己同一 (Absolute Contradictory Self-Identity, 1939)",50322,maimonides,61859,0.6613
Nishida Kitarō / 西田幾多郎,"絶対矛盾的自己同一 (Absolute Contradictory Self-Identity, 1939)",50322,maimonides-islamic,149107,0.6377
Nishida Kitarō / 西田幾多郎,"絶対矛盾的自己同一 (Absolute Contradictory Self-Identity, 1939)",50322,malebranche,65124,0.5568
Nishida Kitarō / 西田幾多郎,"絶対矛盾的自己同一 (Absolute Contradictory Self-Identity, 1939)",50322,mally,67597,0.6131
Nishida Kitarō / 西田幾多郎,"絶対矛盾的自己同一 (Absolute Contradictory Self-Identity, 1939)",50322,marcel,80460,0.7193
Nishida Kitarō / 西田幾多郎,"絶対矛盾的自己同一 (Absolute Contradictory Self-Identity, 1939)",50322,marcus-aurelius,52698,0.6165
Nishida Kitarō / 西田幾多郎,"絶対矛盾的自己同一 (Absolute Contradictory Self-Identity, 1939)",50322,marcuse,85792,0.5879
Nishida Kitarō / 西田幾多郎,"絶対矛盾的自己同一 (Absolute Contradictory Self-Identity, 1939)",50322,margaret-cavendish,155591,0.7036
Nishida Kitarō / 西田幾多郎,"絶対矛盾的自己同一 (Absolute Contradictory Self-Identity, 1939)",50322,margaret-fell,66751,0.4014
Nishida Kitarō / 西田幾多郎,"絶対矛盾的自己同一 (Absolute Contradictory Self-Identity, 1939)",50322,maritain,110854,0.5771
Nishida Kitarō / 西田幾多郎,"絶対矛盾的自己同一 (Absolute Contradictory Self-Identity, 1939)",50322,marsilius-inghen,39243,0.5457
Nishida Kitarō / 西田幾多郎,"絶対矛盾的自己同一 (Absolute Contradictory Self-Identity, 1939)",50322,marty,80853,0.5502
Nishida Kitarō / 西田幾多郎,"絶対矛盾的自己同一 (Absolute Contradictory Self-Identity, 1939)",50322,marx,109131,0.6131
Nishida Kitarō / 西田幾多郎,"絶対矛盾的自己同一 (Absolute Contradictory Self-Identity, 1939)",50322,mary-shepherd,62884,0.6857
Nishida Kitarō / 西田幾多郎,"絶対矛盾的自己同一 (Absolute Contradictory Self-Identity, 1939)",50322,max-stirner,56436,0.6135
Nishida Kitarō / 西田幾多郎,"絶対矛盾的自己同一 (Absolute Contradictory Self-Identity, 1939)",50322,mctaggart,66771,0.6172
Nishida Kitarō / 西田幾多郎,"絶対矛盾的自己同一 (Absolute Contradictory Self-Identity, 1939)",50322,mead,71936,0.6875
Nishida Kitarō / 西田幾多郎,"絶対矛盾的自己同一 (Absolute Contradictory Self-Identity, 1939)",50322,meinong,139971,0.6503
Nishida Kitarō / 西田幾多郎,"絶対矛盾的自己同一 (Absolute Contradictory Self-Identity, 1939)",50322,meister-eckhart,109470,0.6319
Nishida Kitarō / 西田幾多郎,"絶対矛盾的自己同一 (Absolute Contradictory Self-Identity, 1939)",50322,mencius,69127,0.5839
Nishida Kitarō / 西田幾多郎,"絶対矛盾的自己同一 (Absolute Contradictory Self-Identity, 1939)",50322,mendelssohn,82159,0.6277
Nishida Kitarō / 西田幾多郎,"絶対矛盾的自己同一 (Absolute Contradictory Self-Identity, 1939)",50322,merleau-ponty,103995,0.6982
Nishida Kitarō / 西田幾多郎,"絶対矛盾的自己同一 (Absolute Contradictory Self-Identity, 1939)",50322,mersenne,88368,0.5686
Nishida Kitarō / 西田幾多郎,"絶対矛盾的自己同一 (Absolute Contradictory Self-Identity, 1939)",50322,michel-henry,67455,0.6693
Nishida Kitarō / 西田幾多郎,"絶対矛盾的自己同一 (Absolute Contradictory Self-Identity, 1939)",50322,mill,116650,0.6769
Nishida Kitarō / 西田幾多郎,"絶対矛盾的自己同一 (Absolute Contradictory Self-Identity, 1939)",50322,montaigne,48621,0.517
Nishida Kitarō / 西田幾多郎,"絶対矛盾的自己同一 (Absolute Contradictory Self-Identity, 1939)",50322,montesquieu,51662,0.4978
Nishida Kitarō / 西田幾多郎,"絶対矛盾的自己同一 (Absolute Contradictory Self-Identity, 1939)",50322,moore,56230,0.5741
Nishida Kitarō / 西田幾多郎,"絶対矛盾的自己同一 (Absolute Contradictory Self-Identity, 1939)",50322,mulla-sadra,116952,0.6547
Nishida Kitarō / 西田幾多郎,"絶対矛盾的自己同一 (Absolute Contradictory Self-Identity, 1939)",50322,murdoch,103932,0.5783
Nishida Kitarō / 西田幾多郎,"絶対矛盾的自己同一 (Absolute Contradictory Self-Identity, 1939)",50322,nagarjuna,90278,0.7574
Nishida Kitarō / 西田幾多郎,"絶対矛盾的自己同一 (Absolute Contradictory Self-Identity, 1939)",50322,natorp,91653,0.595
Nishida Kitarō / 西田幾多郎,"絶対矛盾的自己同一 (Absolute Contradictory Self-Identity, 1939)",50322,newton,41696,0.4028
Nishida Kitarō / 西田幾多郎,"絶対矛盾的自己同一 (Absolute Contradictory Self-Identity, 1939)",50322,nicolai-hartmann,106622,0.6866
Nishida Kitarō / 西田幾多郎,"絶対矛盾的自己同一 (Absolute Contradictory Self-Identity, 1939)",50322,nicole-oresme,43962,0.445
Nishida Kitarō / 西田幾多郎,"絶対矛盾的自己同一 (Absolute Contradictory Self-Identity, 1939)",50322,nietzsche,155475,0.6059
Nishida Kitarō / 西田幾多郎,"絶対矛盾的自己同一 (Absolute Contradictory Self-Identity, 1939)",50322,nishida-kitaro,125671,0.6598
Nishida Kitarō / 西田幾多郎,"絶対矛盾的自己同一 (Absolute Contradictory Self-Identity, 1939)",50322,novalis,66132,0.5714
Nishida Kitarō / 西田幾多郎,"絶対矛盾的自己同一 (Absolute Contradictory Self-Identity, 1939)",50322,nozick-political,113594,0.5532
Nishida Kitarō / 西田幾多郎,"絶対矛盾的自己同一 (Absolute Contradictory Self-Identity, 1939)",50322,numenius,82271,0.5527
Nishida Kitarō / 西田幾多郎,"絶対矛盾的自己同一 (Absolute Contradictory Self-Identity, 1939)",50322,oakeshott,61423,0.6274
Nishida Kitarō / 西田幾多郎,"絶対矛盾的自己同一 (Absolute Contradictory Self-Identity, 1939)",50322,ockham,96308,0.5877
Nishida Kitarō / 西田幾多郎,"絶対矛盾的自己同一 (Absolute Contradictory Self-Identity, 1939)",50322,olivi,102678,0.7077
Nishida Kitarō / 西田幾多郎,"絶対矛盾的自己同一 (Absolute Contradictory Self-Identity, 1939)",50322,olympiodorus,32296,0.4729
Nishida Kitarō / 西田幾多郎,"絶対矛盾的自己同一 (Absolute Contradictory Self-Identity, 1939)",50322,origen,71130,0.5685
Nishida Kitarō / 西田幾多郎,"絶対矛盾的自己同一 (Absolute Contradictory Self-Identity, 1939)",50322,paine,57196,0.4267
Nishida Kitarō / 西田幾多郎,"絶対矛盾的自己同一 (Absolute Contradictory Self-Identity, 1939)",50322,parmenides,103160,0.6005
Nishida Kitarō / 西田幾多郎,"絶対矛盾的自己同一 (Absolute Contradictory Self-Identity, 1939)",50322,pascal,57239,0.5242
Nishida Kitarō / 西田幾多郎,"絶対矛盾的自己同一 (Absolute Contradictory Self-Identity, 1939)",50322,patrizi,50425,0.4509
Nishida Kitarō / 西田幾多郎,"絶対矛盾的自己同一 (Absolute Contradictory Self-Identity, 1939)",50322,paul-venice,94097,0.7073
Nishida Kitarō / 西田幾多郎,"絶対矛盾的自己同一 (Absolute Contradictory Self-Identity, 1939)",50322,peirce,116115,0.5398
Nishida Kitarō / 西田幾多郎,"絶対矛盾的自己同一 (Absolute Contradictory Self-Identity, 1939)",50322,peirce-benjamin,13541,0.414
Nishida Kitarō / 西田幾多郎,"絶対矛盾的自己同一 (Absolute Contradictory Self-Identity, 1939)",50322,penbygull,21640,0.6966
Nishida Kitarō / 西田幾多郎,"絶対矛盾的自己同一 (Absolute Contradictory Self-Identity, 1939)",50322,peter-damian,41882,0.4723
Nishida Kitarō / 西田幾多郎,"絶対矛盾的自己同一 (Absolute Contradictory Self-Identity, 1939)",50322,peter-spain,42361,0.5419
Nishida Kitarō / 西田幾多郎,"絶対矛盾的自己同一 (Absolute Contradictory Self-Identity, 1939)",50322,philip-chancellor,43687,0.5479
Nishida Kitarō / 西田幾多郎,"絶対矛盾的自己同一 (Absolute Contradictory Self-Identity, 1939)",50322,philippa-foot,73201,0.6149
Nishida Kitarō / 西田幾多郎,"絶対矛盾的自己同一 (Absolute Contradictory Self-Identity, 1939)",50322,philo,122474,0.5719
Nishida Kitarō / 西田幾多郎,"絶対矛盾的自己同一 (Absolute Contradictory Self-Identity, 1939)",50322,philo-larissa,70351,0.4978
Nishida Kitarō / 西田幾多郎,"絶対矛盾的自己同一 (Absolute Contradictory Self-Identity, 1939)",50322,philodemus,110712,0.4919
Nishida Kitarō / 西田幾多郎,"絶対矛盾的自己同一 (Absolute Contradictory Self-Identity, 1939)",50322,philolaus,108781,0.5254
Nishida Kitarō / 西田幾多郎,"絶対矛盾的自己同一 (Absolute Contradictory Self-Identity, 1939)",50322,philoponus,54181,0.5432
Nishida Kitarō / 西田幾多郎,"絶対矛盾的自己同一 (Absolute Contradictory Self-Identity, 1939)",50322,pico-della-mirandola,66744,0.4191
Nishida Kitarō / 西田幾多郎,"絶対矛盾的自己同一 (Absolute Contradictory Self-Identity, 1939)",50322,plato,71433,0.4857
Nishida Kitarō / 西田幾多郎,"絶対矛盾的自己同一 (Absolute Contradictory Self-Identity, 1939)",50322,plotinus,95350,0.7159
Nishida Kitarō / 西田幾多郎,"絶対矛盾的自己同一 (Absolute Contradictory Self-Identity, 1939)",50322,plutarch,114257,0.595
Nishida Kitarō / 西田幾多郎,"絶対矛盾的自己同一 (Absolute Contradictory Self-Identity, 1939)",50322,poincare,103220,0.5544
Nishida Kitarō / 西田幾多郎,"絶対矛盾的自己同一 (Absolute Contradictory Self-Identity, 1939)",50322,polqar,58613,0.5368
Nishida Kitarō / 西田幾多郎,"絶対矛盾的自己同一 (Absolute Contradictory Self-Identity, 1939)",50322,pomponazzi,66395,0.572
Nishida Kitarō / 西田幾多郎,"絶対矛盾的自己同一 (Absolute Contradictory Self-Identity, 1939)",50322,popper,91522,0.6045
Nishida Kitarō / 西田幾多郎,"絶対矛盾的自己同一 (Absolute Contradictory Self-Identity, 1939)",50322,porphyry,45207,0.5384
Nishida Kitarō / 西田幾多郎,"絶対矛盾的自己同一 (Absolute Contradictory Self-Identity, 1939)",50322,prichard,52049,0.6431
Nishida Kitarō / 西田幾多郎,"絶対矛盾的自己同一 (Absolute Contradictory Self-Identity, 1939)",50322,prior,129545,0.4855
Nishida Kitarō / 西田幾多郎,"絶対矛盾的自己同一 (Absolute Contradictory Self-Identity, 1939)",50322,proclus,123276,0.5823
Nishida Kitarō / 西田幾多郎,"絶対矛盾的自己同一 (Absolute Contradictory Self-Identity, 1939)",50322,protagoras,77250,0.6099
Nishida Kitarō / 西田幾多郎,"絶対矛盾的自己同一 (Absolute Contradictory Self-Identity, 1939)",50322,pseudo-dionysius-areopagite,75315,0.5497
Nishida Kitarō / 西田幾多郎,"絶対矛盾的自己同一 (Absolute Contradictory Self-Identity, 1939)",50322,pyrrho,57471,0.5707
Nishida Kitarō / 西田幾多郎,"絶対矛盾的自己同一 (Absolute Contradictory Self-Identity, 1939)",50322,pythagoras,118648,0.4261
Nishida Kitarō / 西田幾多郎,"絶対矛盾的自己同一 (Absolute Contradictory Self-Identity, 1939)",50322,quine,105292,0.5849
Nishida Kitarō / 西田幾多郎,"絶対矛盾的自己同一 (Absolute Contradictory Self-Identity, 1939)",50322,radulphus-brito,64884,0.6575
Nishida Kitarō / 西田幾多郎,"絶対矛盾的自己同一 (Absolute Contradictory Self-Identity, 1939)",50322,ramsey,157347,0.4957
Nishida Kitarō / 西田幾多郎,"絶対矛盾的自己同一 (Absolute Contradictory Self-Identity, 1939)",50322,ramus,91673,0.4267
Nishida Kitarō / 西田幾多郎,"絶対矛盾的自己同一 (Absolute Contradictory Self-Identity, 1939)",50322,rawls,105810,0.5126
Nishida Kitarō / 西田幾多郎,"絶対矛盾的自己同一 (Absolute Contradictory Self-Identity, 1939)",50322,reichenbach,136039,0.4958
Nishida Kitarō / 西田幾多郎,"絶対矛盾的自己同一 (Absolute Contradictory Self-Identity, 1939)",50322,reid,181211,0.6721
Nishida Kitarō / 西田幾多郎,"絶対矛盾的自己同一 (Absolute Contradictory Self-Identity, 1939)",50322,reinach,41703,0.6796
Nishida Kitarō / 西田幾多郎,"絶対矛盾的自己同一 (Absolute Contradictory Self-Identity, 1939)",50322,richard-price,96378,0.6205
Nishida Kitarō / 西田幾多郎,"絶対矛盾的自己同一 (Absolute Contradictory Self-Identity, 1939)",50322,ricoeur,56670,0.661
Nishida Kitarō / 西田幾多郎,"絶対矛盾的自己同一 (Absolute Contradictory Self-Identity, 1939)",50322,robert-kilwardby,148886,0.6663
Nishida Kitarō / 西田幾多郎,"絶対矛盾的自己同一 (Absolute Contradictory Self-Identity, 1939)",50322,roger-bacon,146776,0.5529
Nishida Kitarō / 西田幾多郎,"絶対矛盾的自己同一 (Absolute Contradictory Self-Identity, 1939)",50322,rorty,71793,0.5522
Nishida Kitarō / 西田幾多郎,"絶対矛盾的自己同一 (Absolute Contradictory Self-Identity, 1939)",50322,rosenstock-huessy,97123,0.6898
Nishida Kitarō / 西田幾多郎,"絶対矛盾的自己同一 (Absolute Contradictory Self-Identity, 1939)",50322,rosenzweig,96984,0.6149
Nishida Kitarō / 西田幾多郎,"絶対矛盾的自己同一 (Absolute Contradictory Self-Identity, 1939)",50322,rousseau,67496,0.5703
Nishida Kitarō / 西田幾多郎,"絶対矛盾的自己同一 (Absolute Contradictory Self-Identity, 1939)",50322,royce,98956,0.575
Nishida Kitarō / 西田幾多郎,"絶対矛盾的自己同一 (Absolute Contradictory Self-Identity, 1939)",50322,russell,132015,0.5414
Nishida Kitarō / 西田幾多郎,"絶対矛盾的自己同一 (Absolute Contradictory Self-Identity, 1939)",50322,ryle,105532,0.6561
Nishida Kitarō / 西田幾多郎,"絶対矛盾的自己同一 (Absolute Contradictory Self-Identity, 1939)",50322,saadya,49838,0.4738
Nishida Kitarō / 西田幾多郎,"絶対矛盾的自己同一 (Absolute Contradictory Self-Identity, 1939)",50322,saantarak-sita,55734,0.5733
Nishida Kitarō / 西田幾多郎,"絶対矛盾的自己同一 (Absolute Contradictory Self-Identity, 1939)",50322,sakya-pandita,61059,0.4526
Nishida Kitarō / 西田幾多郎,"絶対矛盾的自己同一 (Absolute Contradictory Self-Identity, 1939)",50322,santayana,74763,0.5445
Nishida Kitarō / 西田幾多郎,"絶対矛盾的自己同一 (Absolute Contradictory Self-Identity, 1939)",50322,sartre,101754,0.6348
Nishida Kitarō / 西田幾多郎,"絶対矛盾的自己同一 (Absolute Contradictory Self-Identity, 1939)",50322,scheler,95052,0.6908
Nishida Kitarō / 西田幾多郎,"絶対矛盾的自己同一 (Absolute Contradictory Self-Identity, 1939)",50322,schelling,95712,0.679
Nishida Kitarō / 西田幾多郎,"絶対矛盾的自己同一 (Absolute Contradictory Self-Identity, 1939)",50322,schiller,83194,0.6497
Nishida Kitarō / 西田幾多郎,"絶対矛盾的自己同一 (Absolute Contradictory Self-Identity, 1939)",50322,schlegel,29105,0.4146
Nishida Kitarō / 西田幾多郎,"絶対矛盾的自己同一 (Absolute Contradictory Self-Identity, 1939)",50322,schlegel-aw,92971,0.4689
Nishida Kitarō / 西田幾多郎,"絶対矛盾的自己同一 (Absolute Contradictory Self-Identity, 1939)",50322,schleiermacher,144331,0.5427
Nishida Kitarō / 西田幾多郎,"絶対矛盾的自己同一 (Absolute Contradictory Self-Identity, 1939)",50322,schlick,112805,0.5688
Nishida Kitarō / 西田幾多郎,"絶対矛盾的自己同一 (Absolute Contradictory Self-Identity, 1939)",50322,schmitt,89721,0.4956
Nishida Kitarō / 西田幾多郎,"絶対矛盾的自己同一 (Absolute Contradictory Self-Identity, 1939)",50322,scholem,60788,0.3769
Nishida Kitarō / 西田幾多郎,"絶対矛盾的自己同一 (Absolute Contradictory Self-Identity, 1939)",50322,scholz,27919,0.3651
Nishida Kitarō / 西田幾多郎,"絶対矛盾的自己同一 (Absolute Contradictory Self-Identity, 1939)",50322,schopenhauer,83036,0.6795
Nishida Kitarō / 西田幾多郎,"絶対矛盾的自己同一 (Absolute Contradictory Self-Identity, 1939)",50322,schutz,80445,0.6228
Nishida Kitarō / 西田幾多郎,"絶対矛盾的自己同一 (Absolute Contradictory Self-Identity, 1939)",50322,scottus-eriugena,94103,0.6182
Nishida Kitarō / 西田幾多郎,"絶対矛盾的自己同一 (Absolute Contradictory Self-Identity, 1939)",50322,sellars,117210,0.6493
Nishida Kitarō / 西田幾多郎,"絶対矛盾的自己同一 (Absolute Contradictory Self-Identity, 1939)",50322,seneca,105936,0.5381
Nishida Kitarō / 西田幾多郎,"絶対矛盾的自己同一 (Absolute Contradictory Self-Identity, 1939)",50322,sextus-empiricus,109548,0.5452
Nishida Kitarō / 西田幾多郎,"絶対矛盾的自己同一 (Absolute Contradictory Self-Identity, 1939)",50322,shaftesbury,2192,0.421
Nishida Kitarō / 西田幾多郎,"絶対矛盾的自己同一 (Absolute Contradictory Self-Identity, 1939)",50322,shankara,89230,0.7113
Nishida Kitarō / 西田幾多郎,"絶対矛盾的自己同一 (Absolute Contradictory Self-Identity, 1939)",50322,shantideva,72337,0.5873
Nishida Kitarō / 西田幾多郎,"絶対矛盾的自己同一 (Absolute Contradictory Self-Identity, 1939)",50322,sharpe,50729,0.6903
Nishida Kitarō / 西田幾多郎,"絶対矛盾的自己同一 (Absolute Contradictory Self-Identity, 1939)",50322,sidgwick,176811,0.6047
Nishida Kitarō / 西田幾多郎,"絶対矛盾的自己同一 (Absolute Contradictory Self-Identity, 1939)",50322,sidney-hook,110797,0.5472
Nishida Kitarō / 西田幾多郎,"絶対矛盾的自己同一 (Absolute Contradictory Self-Identity, 1939)",50322,simon-faversham,45088,0.6679
Nishida Kitarō / 西田幾多郎,"絶対矛盾的自己同一 (Absolute Contradictory Self-Identity, 1939)",50322,simone-weil,78561,0.6071
Nishida Kitarō / 西田幾多郎,"絶対矛盾的自己同一 (Absolute Contradictory Self-Identity, 1939)",50322,simplicius,96839,0.4474
Nishida Kitarō / 西田幾多郎,"絶対矛盾的自己同一 (Absolute Contradictory Self-Identity, 1939)",50322,socrates,88031,0.4183
Nishida Kitarō / 西田幾多郎,"絶対矛盾的自己同一 (Absolute Contradictory Self-Identity, 1939)",50322,sophie-de-grouchy,55009,0.4502
Nishida Kitarō / 西田幾多郎,"絶対矛盾的自己同一 (Absolute Contradictory Self-Identity, 1939)",50322,spencer,56620,0.5427
Nishida Kitarō / 西田幾多郎,"絶対矛盾的自己同一 (Absolute Contradictory Self-Identity, 1939)",50322,speusippus,60321,0.5508
Nishida Kitarō / 西田幾多郎,"絶対矛盾的自己同一 (Absolute Contradictory Self-Identity, 1939)",50322,spinoza,91786,0.7561
Nishida Kitarō / 西田幾多郎,"絶対矛盾的自己同一 (Absolute Contradictory Self-Identity, 1939)",50322,sriharsa,104242,0.6079
Nishida Kitarō / 西田幾多郎,"絶対矛盾的自己同一 (Absolute Contradictory Self-Identity, 1939)",50322,stebbing,55346,0.4988
Nishida Kitarō / 西田幾多郎,"絶対矛盾的自己同一 (Absolute Contradictory Self-Identity, 1939)",50322,stein,145387,0.6779
Nishida Kitarō / 西田幾多郎,"絶対矛盾的自己同一 (Absolute Contradictory Self-Identity, 1939)",50322,stevenson,85779,0.5746
Nishida Kitarō / 西田幾多郎,"絶対矛盾的自己同一 (Absolute Contradictory Self-Identity, 1939)",50322,strauss-leo,64850,0.4544
Nishida Kitarō / 西田幾多郎,"絶対矛盾的自己同一 (Absolute Contradictory Self-Identity, 1939)",50322,strawson,72046,0.5481
Nishida Kitarō / 西田幾多郎,"絶対矛盾的自己同一 (Absolute Contradictory Self-Identity, 1939)",50322,stumpf,112239,0.5479
Nishida Kitarō / 西田幾多郎,"絶対矛盾的自己同一 (Absolute Contradictory Self-Identity, 1939)",50322,suarez,125433,0.6432
Nishida Kitarō / 西田幾多郎,"絶対矛盾的自己同一 (Absolute Contradictory Self-Identity, 1939)",50322,suhrawardi,108375,0.5247
Nishida Kitarō / 西田幾多郎,"絶対矛盾的自己同一 (Absolute Contradictory Self-Identity, 1939)",50322,susman-margarete,76293,0.6097
Nishida Kitarō / 西田幾多郎,"絶対矛盾的自己同一 (Absolute Contradictory Self-Identity, 1939)",50322,sylvan-routley,115072,0.6091
Nishida Kitarō / 西田幾多郎,"絶対矛盾的自己同一 (Absolute Contradictory Self-Identity, 1939)",50322,syrianus,97154,0.5132
Nishida Kitarō / 西田幾多郎,"絶対矛盾的自己同一 (Absolute Contradictory Self-Identity, 1939)",50322,tarski,86038,0.5017
Nishida Kitarō / 西田幾多郎,"絶対矛盾的自己同一 (Absolute Contradictory Self-Identity, 1939)",50322,taurellus,51823,0.6954
Nishida Kitarō / 西田幾多郎,"絶対矛盾的自己同一 (Absolute Contradictory Self-Identity, 1939)",50322,telesio,40426,0.5528
Nishida Kitarō / 西田幾多郎,"絶対矛盾的自己同一 (Absolute Contradictory Self-Identity, 1939)",50322,theophrastus,91516,0.5254
Nishida Kitarō / 西田幾多郎,"絶対矛盾的自己同一 (Absolute Contradictory Self-Identity, 1939)",50322,thomas-kuhn,95209,0.599
Nishida Kitarō / 西田幾多郎,"絶対矛盾的自己同一 (Absolute Contradictory Self-Identity, 1939)",50322,thomas-more,75732,0.4631
Nishida Kitarō / 西田幾多郎,"絶対矛盾的自己同一 (Absolute Contradictory Self-Identity, 1939)",50322,thoreau,43886,0.6482
Nishida Kitarō / 西田幾多郎,"絶対矛盾的自己同一 (Absolute Contradictory Self-Identity, 1939)",50322,tibbon,63044,0.4102
Nishida Kitarō / 西田幾多郎,"絶対矛盾的自己同一 (Absolute Contradictory Self-Identity, 1939)",50322,timon-phlius,30753,0.4588
Nishida Kitarō / 西田幾多郎,"絶対矛盾的自己同一 (Absolute Contradictory Self-Identity, 1939)",50322,tsongkhapa,82475,0.3887
Nishida Kitarō / 西田幾多郎,"絶対矛盾的自己同一 (Absolute Contradictory Self-Identity, 1939)",50322,turing,70634,0.5053
Nishida Kitarō / 西田幾多郎,"絶対矛盾的自己同一 (Absolute Contradictory Self-Identity, 1939)",50322,twardowski,79479,0.5957
Nishida Kitarō / 西田幾多郎,"絶対矛盾的自己同一 (Absolute Contradictory Self-Identity, 1939)",50322,umar-khayyam,94432,0.5396
Nishida Kitarō / 西田幾多郎,"絶対矛盾的自己同一 (Absolute Contradictory Self-Identity, 1939)",50322,vaihinger,64311,0.6274
Nishida Kitarō / 西田幾多郎,"絶対矛盾的自己同一 (Absolute Contradictory Self-Identity, 1939)",50322,vasubandhu,116641,0.6878
Nishida Kitarō / 西田幾多郎,"絶対矛盾的自己同一 (Absolute Contradictory Self-Identity, 1939)",50322,vico,42337,0.5566
Nishida Kitarō / 西田幾多郎,"絶対矛盾的自己同一 (Absolute Contradictory Self-Identity, 1939)",50322,vives,43013,0.5445
Nishida Kitarō / 西田幾多郎,"絶対矛盾的自己同一 (Absolute Contradictory Self-Identity, 1939)",50322,voltaire,87195,0.4448
Nishida Kitarō / 西田幾多郎,"絶対矛盾的自己同一 (Absolute Contradictory Self-Identity, 1939)",50322,walter-chatton,110366,0.661
Nishida Kitarō / 西田幾多郎,"絶対矛盾的自己同一 (Absolute Contradictory Self-Identity, 1939)",50322,wang-yangming,49779,0.5939
Nishida Kitarō / 西田幾多郎,"絶対矛盾的自己同一 (Absolute Contradictory Self-Identity, 1939)",50322,watsuji-tetsuro,70157,0.6663
Nishida Kitarō / 西田幾多郎,"絶対矛盾的自己同一 (Absolute Contradictory Self-Identity, 1939)",50322,weber,88898,0.6062
Nishida Kitarō / 西田幾多郎,"絶対矛盾的自己同一 (Absolute Contradictory Self-Identity, 1939)",50322,wesley-salmon,102457,0.5001
Nishida Kitarō / 西田幾多郎,"絶対矛盾的自己同一 (Absolute Contradictory Self-Identity, 1939)",50322,weyl,344677,0.5351
Nishida Kitarō / 西田幾多郎,"絶対矛盾的自己同一 (Absolute Contradictory Self-Identity, 1939)",50322,whewell,60215,0.5727
Nishida Kitarō / 西田幾多郎,"絶対矛盾的自己同一 (Absolute Contradictory Self-Identity, 1939)",50322,whitehead,126351,0.6354
Nishida Kitarō / 西田幾多郎,"絶対矛盾的自己同一 (Absolute Contradictory Self-Identity, 1939)",50322,wilhelm-humboldt,101176,0.4243
Nishida Kitarō / 西田幾多郎,"絶対矛盾的自己同一 (Absolute Contradictory Self-Identity, 1939)",50322,wilhelm-windelband,71324,0.6373
Nishida Kitarō / 西田幾多郎,"絶対矛盾的自己同一 (Absolute Contradictory Self-Identity, 1939)",50322,wilhelm-wundt,83520,0.6404
Nishida Kitarō / 西田幾多郎,"絶対矛盾的自己同一 (Absolute Contradictory Self-Identity, 1939)",50322,william-auvergne,87618,0.6323
Nishida Kitarō / 西田幾多郎,"絶対矛盾的自己同一 (Absolute Contradictory Self-Identity, 1939)",50322,william-champeaux,51368,0.5524
Nishida Kitarō / 西田幾多郎,"絶対矛盾的自己同一 (Absolute Contradictory Self-Identity, 1939)",50322,william-david-ross,120186,0.5248
Nishida Kitarō / 西田幾多郎,"絶対矛盾的自己同一 (Absolute Contradictory Self-Identity, 1939)",50322,william-jevons,38920,0.5933
Nishida Kitarō / 西田幾多郎,"絶対矛盾的自己同一 (Absolute Contradictory Self-Identity, 1939)",50322,william-sherwood,33278,0.4205
Nishida Kitarō / 西田幾多郎,"絶対矛盾的自己同一 (Absolute Contradictory Self-Identity, 1939)",50322,williams-bernard,97259,0.6017
Nishida Kitarō / 西田幾多郎,"絶対矛盾的自己同一 (Absolute Contradictory Self-Identity, 1939)",50322,williams-dc,56136,0.5783
Nishida Kitarō / 西田幾多郎,"絶対矛盾的自己同一 (Absolute Contradictory Self-Identity, 1939)",50322,wilson,127113,0.6048
Nishida Kitarō / 西田幾多郎,"絶対矛盾的自己同一 (Absolute Contradictory Self-Identity, 1939)",50322,wittgenstein,85691,0.569
Nishida Kitarō / 西田幾多郎,"絶対矛盾的自己同一 (Absolute Contradictory Self-Identity, 1939)",50322,wodeham,77994,0.5502
Nishida Kitarō / 西田幾多郎,"絶対矛盾的自己同一 (Absolute Contradictory Self-Identity, 1939)",50322,wolff-christian,125458,0.6365
Nishida Kitarō / 西田幾多郎,"絶対矛盾的自己同一 (Absolute Contradictory Self-Identity, 1939)",50322,wollstonecraft,66138,0.4423
Nishida Kitarō / 西田幾多郎,"絶対矛盾的自己同一 (Absolute Contradictory Self-Identity, 1939)",50322,wright,50233,0.6562
Nishida Kitarō / 西田幾多郎,"絶対矛盾的自己同一 (Absolute Contradictory Self-Identity, 1939)",50322,wyclif,131895,0.6859
Nishida Kitarō / 西田幾多郎,"絶対矛盾的自己同一 (Absolute Contradictory Self-Identity, 1939)",50322,xenocrates,42984,0.5488
Nishida Kitarō / 西田幾多郎,"絶対矛盾的自己同一 (Absolute Contradictory Self-Identity, 1939)",50322,xenophanes,37845,0.5289
Nishida Kitarō / 西田幾多郎,"絶対矛盾的自己同一 (Absolute Contradictory Self-Identity, 1939)",50322,xunzi,52292,0.5901
Nishida Kitarō / 西田幾多郎,"絶対矛盾的自己同一 (Absolute Contradictory Self-Identity, 1939)",50322,yorck,55210,0.6621
Nishida Kitarō / 西田幾多郎,"絶対矛盾的自己同一 (Absolute Contradictory Self-Identity, 1939)",50322,zabarella,55317,0.5625
Nishida Kitarō / 西田幾多郎,"絶対矛盾的自己同一 (Absolute Contradictory Self-Identity, 1939)",50322,zeno-elea,66712,0.5098
Nishida Kitarō / 西田幾多郎,"絶対矛盾的自己同一 (Absolute Contradictory Self-Identity, 1939)",50322,zhu-xi,111196,0.5426
Nishida Kitarō / 西田幾多郎,"絶対矛盾的自己同一 (Absolute Contradictory Self-Identity, 1939)",50322,zhuangzi,132308,0.6067
Kuki Shūzō / 九鬼周造,"「いき」の構造 (The Structure of Iki, 1930)",50403,abelard,89142,0.679
Kuki Shūzō / 九鬼周造,"「いき」の構造 (The Structure of Iki, 1930)",50403,abner-burgos,38237,0.4982
Kuki Shūzō / 九鬼周造,"「いき」の構造 (The Structure of Iki, 1930)",50403,abrabanel,57531,0.6593
Kuki Shūzō / 九鬼周造,"「いき」の構造 (The Structure of Iki, 1930)",50403,abraham-daud,60460,0.5384
Kuki Shūzō / 九鬼周造,"「いき」の構造 (The Structure of Iki, 1930)",50403,abu-bakr-al-razi,47989,0.5283
Kuki Shūzō / 九鬼周造,"「いき」の構造 (The Structure of Iki, 1930)",50403,addams-jane,73923,0.4478
Kuki Shūzō / 九鬼周造,"「いき」の構造 (The Structure of Iki, 1930)",50403,adorno,129793,0.646
Kuki Shūzō / 九鬼周造,"「いき」の構造 (The Structure of Iki, 1930)",50403,agrippa-nettesheim,75671,0.5875
Kuki Shūzō / 九鬼周造,"「いき」の構造 (The Structure of Iki, 1930)",50403,al-baghdadi,83713,0.5309
Kuki Shūzō / 九鬼周造,"「いき」の構造 (The Structure of Iki, 1930)",50403,al-din-al-razi,83443,0.5848
Kuki Shūzō / 九鬼周造,"「いき」の構造 (The Structure of Iki, 1930)",50403,al-farabi,47405,0.5117
Kuki Shūzō / 九鬼周造,"「いき」の構造 (The Structure of Iki, 1930)",50403,al-ghazali,101966,0.507
Kuki Shūzō / 九鬼周造,"「いき」の構造 (The Structure of Iki, 1930)",50403,al-kindi,58692,0.6073
Kuki Shūzō / 九鬼周造,"「いき」の構造 (The Structure of Iki, 1930)",50403,alain-locke,96958,0.6462
Kuki Shūzō / 九鬼周造,"「いき」の構造 (The Structure of Iki, 1930)",50403,albalag,82100,0.614
Kuki Shūzō / 九鬼周造,"「いき」の構造 (The Structure of Iki, 1930)",50403,albert-great,74990,0.6029
Kuki Shūzō / 九鬼周造,"「いき」の構造 (The Structure of Iki, 1930)",50403,albert-saxony,35992,0.5555
Kuki Shūzō / 九鬼周造,"「いき」の構造 (The Structure of Iki, 1930)",50403,albo-joseph,47544,0.4765
Kuki Shūzō / 九鬼周造,"「いき」の構造 (The Structure of Iki, 1930)",50403,alcmaeon,58082,0.564
Kuki Shūzō / 九鬼周造,"「いき」の構造 (The Structure of Iki, 1930)",50403,alexander,52520,0.5324
Kuki Shūzō / 九鬼周造,"「いき」の構造 (The Structure of Iki, 1930)",50403,alexander-aphrodisias,74028,0.5673
Kuki Shūzō / 九鬼周造,"「いき」の構造 (The Structure of Iki, 1930)",50403,alexander-crummell,74136,0.5628
Kuki Shūzō / 九鬼周造,"「いき」の構造 (The Structure of Iki, 1930)",50403,alexander-humboldt,88302,0.5569
Kuki Shūzō / 九鬼周造,"「いき」の構造 (The Structure of Iki, 1930)",50403,althusser,94704,0.5445
Kuki Shūzō / 九鬼周造,"「いき」の構造 (The Structure of Iki, 1930)",50403,alyngton,60766,0.6996
Kuki Shūzō / 九鬼周造,"「いき」の構造 (The Structure of Iki, 1930)",50403,ammonius,88404,0.502
Kuki Shūzō / 九鬼周造,"「いき」の構造 (The Structure of Iki, 1930)",50403,anaxagoras,71165,0.6485
Kuki Shūzō / 九鬼周造,"「いき」の構造 (The Structure of Iki, 1930)",50403,anderson-john,88384,0.6044
Kuki Shūzō / 九鬼周造,"「いき」の構造 (The Structure of Iki, 1930)",50403,anna-julia-cooper,99707,0.4375
Kuki Shūzō / 九鬼周造,"「いき」の構造 (The Structure of Iki, 1930)",50403,anscombe,66048,0.6148
Kuki Shūzō / 九鬼周造,"「いき」の構造 (The Structure of Iki, 1930)",50403,anselm,44248,0.5598
Kuki Shūzō / 九鬼周造,"「いき」の構造 (The Structure of Iki, 1930)",50403,antiochus-ascalon,34903,0.5843
Kuki Shūzō / 九鬼周造,"「いき」の構造 (The Structure of Iki, 1930)",50403,antonio-rosmini,57060,0.6457
Kuki Shūzō / 九鬼周造,"「いき」の構造 (The Structure of Iki, 1930)",50403,aquinas,116371,0.6122
Kuki Shūzō / 九鬼周造,"「いき」の構造 (The Structure of Iki, 1930)",50403,arcesilaus,69050,0.5981
Kuki Shūzō / 九鬼周造,"「いき」の構造 (The Structure of Iki, 1930)",50403,archytas,108213,0.5257
Kuki Shūzō / 九鬼周造,"「いき」の構造 (The Structure of Iki, 1930)",50403,arendt,97091,0.5905
Kuki Shūzō / 九鬼周造,"「いき」の構造 (The Structure of Iki, 1930)",50403,aristotle,145744,0.6727
Kuki Shūzō / 九鬼周造,"「いき」の構造 (The Structure of Iki, 1930)",50403,arnauld,130687,0.6078
Kuki Shūzō / 九鬼周造,"「いき」の構造 (The Structure of Iki, 1930)",50403,astell,83883,0.6311
Kuki Shūzō / 九鬼周造,"「いき」の構造 (The Structure of Iki, 1930)",50403,august-rehberg,56341,0.4545
Kuki Shūzō / 九鬼周造,"「いき」の構造 (The Structure of Iki, 1930)",50403,augustine,189535,0.597
Kuki Shūzō / 九鬼周造,"「いき」の構造 (The Structure of Iki, 1930)",50403,auriol,63037,0.6495
Kuki Shūzō / 九鬼周造,"「いき」の構造 (The Structure of Iki, 1930)",50403,austin-jl,133014,0.6692
Kuki Shūzō / 九鬼周造,"「いき」の構造 (The Structure of Iki, 1930)",50403,austin-john,35237,0.4227
Kuki Shūzō / 九鬼周造,"「いき」の構造 (The Structure of Iki, 1930)",50403,autrecourt,32240,0.5213
Kuki Shūzō / 九鬼周造,"「いき」の構造 (The Structure of Iki, 1930)",50403,ayer,83888,0.6051
Kuki Shūzō / 九鬼周造,"「いき」の構造 (The Structure of Iki, 1930)",50403,ayn-rand,108332,0.5451
Kuki Shūzō / 九鬼周造,"「いき」の構造 (The Structure of Iki, 1930)",50403,baudrillard,92850,0.5965
Kuki Shūzō / 九鬼周造,"「いき」の構造 (The Structure of Iki, 1930)",50403,bauer,65261,0.5022
Kuki Shūzō / 九鬼周造,"「いき」の構造 (The Structure of Iki, 1930)",50403,bayle,71814,0.4552
Kuki Shūzō / 九鬼周造,"「いき」の構造 (The Structure of Iki, 1930)",50403,beauvoir,130158,0.571
Kuki Shūzō / 九鬼周造,"「いき」の構造 (The Structure of Iki, 1930)",50403,benjamin,132946,0.6452
Kuki Shūzō / 九鬼周造,"「いき」の構造 (The Structure of Iki, 1930)",50403,bentham,119009,0.502
Kuki Shūzō / 九鬼周造,"「いき」の構造 (The Structure of Iki, 1930)",50403,bergson,75781,0.6356
Kuki Shūzō / 九鬼周造,"「いき」の構造 (The Structure of Iki, 1930)",50403,berkeley,66222,0.6852
Kuki Shūzō / 九鬼周造,"「いき」の構造 (The Structure of Iki, 1930)",50403,berlin,129531,0.5687
Kuki Shūzō / 九鬼周造,"「いき」の構造 (The Structure of Iki, 1930)",50403,bessarion,40178,0.4063
Kuki Shūzō / 九鬼周造,"「いき」の構造 (The Structure of Iki, 1930)",50403,bloch,70253,0.5977
Kuki Shūzō / 九鬼周造,"「いき」の構造 (The Structure of Iki, 1930)",50403,bodin,124284,0.4101
Kuki Shūzō / 九鬼周造,"「いき」の構造 (The Structure of Iki, 1930)",50403,boethius,62682,0.6168
Kuki Shūzō / 九鬼周造,"「いき」の構造 (The Structure of Iki, 1930)",50403,boethius-dacia,54051,0.6543
Kuki Shūzō / 九鬼周造,"「いき」の構造 (The Structure of Iki, 1930)",50403,bolzano,155132,0.5839
Kuki Shūzō / 九鬼周造,"「いき」の構造 (The Structure of Iki, 1930)",50403,bonaventure,109175,0.6122
Kuki Shūzō / 九鬼周造,"「いき」の構造 (The Structure of Iki, 1930)",50403,boole,88621,0.4231
Kuki Shūzō / 九鬼周造,"「いき」の構造 (The Structure of Iki, 1930)",50403,bosanquet,96950,0.5646
Kuki Shūzō / 九鬼周造,"「いき」の構造 (The Structure of Iki, 1930)",50403,boyle,111911,0.5999
Kuki Shūzō / 九鬼周造,"「いき」の構造 (The Structure of Iki, 1930)",50403,bradley,67270,0.6534
Kuki Shūzō / 九鬼周造,"「いき」の構造 (The Structure of Iki, 1930)",50403,brentano,87726,0.6034
Kuki Shūzō / 九鬼周造,"「いき」の構造 (The Structure of Iki, 1930)",50403,broad,78488,0.7283
Kuki Shūzō / 九鬼周造,"「いき」の構造 (The Structure of Iki, 1930)",50403,brouwer,44368,0.4635
Kuki Shūzō / 九鬼周造,"「いき」の構造 (The Structure of Iki, 1930)",50403,bruno,145683,0.5991
Kuki Shūzō / 九鬼周造,"「いき」の構造 (The Structure of Iki, 1930)",50403,buber,66928,0.5399
Kuki Shūzō / 九鬼周造,"「いき」の構造 (The Structure of Iki, 1930)",50403,buddha,50785,0.6383
Kuki Shūzō / 九鬼周造,"「いき」の構造 (The Structure of Iki, 1930)",50403,buridan,87906,0.6611
Kuki Shūzō / 九鬼周造,"「いき」の構造 (The Structure of Iki, 1930)",50403,burke,90308,0.5502
Kuki Shūzō / 九鬼周造,"「いき」の構造 (The Structure of Iki, 1930)",50403,burley,115565,0.7034
Kuki Shūzō / 九鬼周造,"「いき」の構造 (The Structure of Iki, 1930)",50403,campanella,82531,0.5715
Kuki Shūzō / 九鬼周造,"「いき」の構造 (The Structure of Iki, 1930)",50403,camus,80128,0.5419
Kuki Shūzō / 九鬼周造,"「いき」の構造 (The Structure of Iki, 1930)",50403,cardano,83556,0.6134
Kuki Shūzō / 九鬼周造,"「いき」の構造 (The Structure of Iki, 1930)",50403,carnap,210237,0.5972
Kuki Shūzō / 九鬼周造,"「いき」の構造 (The Structure of Iki, 1930)",50403,carneades,47385,0.6406
Kuki Shūzō / 九鬼周造,"「いき」の構造 (The Structure of Iki, 1930)",50403,cassirer,60498,0.6226
Kuki Shūzō / 九鬼周造,"「いき」の構造 (The Structure of Iki, 1930)",50403,catharine-macaulay,75941,0.4599
Kuki Shūzō / 九鬼周造,"「いき」の構造 (The Structure of Iki, 1930)",50403,chisholm,111067,0.6369
Kuki Shūzō / 九鬼周造,"「いき」の構造 (The Structure of Iki, 1930)",50403,church,149178,0.5884
Kuki Shūzō / 九鬼周造,"「いき」の構造 (The Structure of Iki, 1930)",50403,cicero,83024,0.6124
Kuki Shūzō / 九鬼周造,"「いき」の構造 (The Structure of Iki, 1930)",50403,clarke,92724,0.5314
Kuki Shūzō / 九鬼周造,"「いき」の構造 (The Structure of Iki, 1930)",50403,cockburn,21972,0.4962
Kuki Shūzō / 九鬼周造,"「いき」の構造 (The Structure of Iki, 1930)",50403,cohen,95490,0.52
Kuki Shūzō / 九鬼周造,"「いき」の構造 (The Structure of Iki, 1930)",50403,collingwood,122058,0.6371
Kuki Shūzō / 九鬼周造,"「いき」の構造 (The Structure of Iki, 1930)",50403,collins,147634,0.5254
Kuki Shūzō / 九鬼周造,"「いき」の構造 (The Structure of Iki, 1930)",50403,comte,1828,0.4124
Kuki Shūzō / 九鬼周造,"「いき」の構造 (The Structure of Iki, 1930)",50403,condillac,96062,0.7801
Kuki Shūzō / 九鬼周造,"「いき」の構造 (The Structure of Iki, 1930)",50403,confucius,73300,0.5685
Kuki Shūzō / 九鬼周造,"「いき」の構造 (The Structure of Iki, 1930)",50403,consequence-medieval,87811,0.6357
Kuki Shūzō / 九鬼周造,"「いき」の構造 (The Structure of Iki, 1930)",50403,conway,27816,0.5789
Kuki Shūzō / 九鬼周造,"「いき」の構造 (The Structure of Iki, 1930)",50403,copernicus,47058,0.336
Kuki Shūzō / 九鬼周造,"「いき」の構造 (The Structure of Iki, 1930)",50403,cordemoy,24863,0.6605
Kuki Shūzō / 九鬼周造,"「いき」の構造 (The Structure of Iki, 1930)",50403,crathorn,24237,0.6679
Kuki Shūzō / 九鬼周造,"「いき」の構造 (The Structure of Iki, 1930)",50403,crescas,61149,0.5114
Kuki Shūzō / 九鬼周造,"「いき」の構造 (The Structure of Iki, 1930)",50403,cudworth,48093,0.5711
Kuki Shūzō / 九鬼周造,"「いき」の構造 (The Structure of Iki, 1930)",50403,cusanus,100566,0.6424
Kuki Shūzō / 九鬼周造,"「いき」の構造 (The Structure of Iki, 1930)",50403,dante,110390,0.6095
Kuki Shūzō / 九鬼周造,"「いき」の構造 (The Structure of Iki, 1930)",50403,david,12440,0.5016
Kuki Shūzō / 九鬼周造,"「いき」の構造 (The Structure of Iki, 1930)",50403,david-lewis,158492,0.6112
Kuki Shūzō / 九鬼周造,"「いき」の構造 (The Structure of Iki, 1930)",50403,davidson,86963,0.6626
Kuki Shūzō / 九鬼周造,"「いき」の構造 (The Structure of Iki, 1930)",50403,deleuze,120638,0.6945
Kuki Shūzō / 九鬼周造,"「いき」の構造 (The Structure of Iki, 1930)",50403,della-porta,83319,0.4833
Kuki Shūzō / 九鬼周造,"「いき」の構造 (The Structure of Iki, 1930)",50403,delmedigo,38766,0.5126
Kuki Shūzō / 九鬼周造,"「いき」の構造 (The Structure of Iki, 1930)",50403,democritus,38590,0.628
Kuki Shūzō / 九鬼周造,"「いき」の構造 (The Structure of Iki, 1930)",50403,derrida,81463,0.6723
Kuki Shūzō / 九鬼周造,"「いき」の構造 (The Structure of Iki, 1930)",50403,descartes,147007,0.6148
Kuki Shūzō / 九鬼周造,"「いき」の構造 (The Structure of Iki, 1930)",50403,desgabets,57875,0.6402
Kuki Shūzō / 九鬼周造,"「いき」の構造 (The Structure of Iki, 1930)",50403,dewey,123491,0.6364
Kuki Shūzō / 九鬼周造,"「いき」の構造 (The Structure of Iki, 1930)",50403,dharmakiirti,107124,0.6429
Kuki Shūzō / 九鬼周造,"「いき」の構造 (The Structure of Iki, 1930)",50403,diderot,123943,0.6425
Kuki Shūzō / 九鬼周造,"「いき」の構造 (The Structure of Iki, 1930)",50403,dietrich-freiberg,79253,0.6346
Kuki Shūzō / 九鬼周造,"「いき」の構造 (The Structure of Iki, 1930)",50403,dilthey,85569,0.718
Kuki Shūzō / 九鬼周造,"「いき」の構造 (The Structure of Iki, 1930)",50403,diodorus-cronus,71397,0.618
Kuki Shūzō / 九鬼周造,"「いき」の構造 (The Structure of Iki, 1930)",50403,du-bos,38393,0.6469
Kuki Shūzō / 九鬼周造,"「いき」の構造 (The Structure of Iki, 1930)",50403,dubois,114539,0.5483
Kuki Shūzō / 九鬼周造,"「いき」の構造 (The Structure of Iki, 1930)",50403,duhem,71923,0.5284
Kuki Shūzō / 九鬼周造,"「いき」の構造 (The Structure of Iki, 1930)",50403,duns-scotus,66213,0.6048
Kuki Shūzō / 九鬼周造,"「いき」の構造 (The Structure of Iki, 1930)",50403,edwards,55086,0.587
Kuki Shūzō / 九鬼周造,"「いき」の構造 (The Structure of Iki, 1930)",50403,ehrenfels,75699,0.6559
Kuki Shūzō / 九鬼周造,"「いき」の構造 (The Structure of Iki, 1930)",50403,elias,12636,0.4936
Kuki Shūzō / 九鬼周造,"「いき」の構造 (The Structure of Iki, 1930)",50403,elisabeth-bohemia,38634,0.4601
Kuki Shūzō / 九鬼周造,"「いき」の構造 (The Structure of Iki, 1930)",50403,emerson,51322,0.6143
Kuki Shūzō / 九鬼周造,"「いき」の構造 (The Structure of Iki, 1930)",50403,emilie-du-chatelet,87477,0.5861
Kuki Shūzō / 九鬼周造,"「いき」の構造 (The Structure of Iki, 1930)",50403,emily-elizabeth-constance-jones,75474,0.6298
Kuki Shūzō / 九鬼周造,"「いき」の構造 (The Structure of Iki, 1930)",50403,empedocles,77299,0.6724
Kuki Shūzō / 九鬼周造,"「いき」の構造 (The Structure of Iki, 1930)",50403,epictetus,42904,0.6455
Kuki Shūzō / 九鬼周造,"「いき」の構造 (The Structure of Iki, 1930)",50403,epicurus,70774,0.6554
Kuki Shūzō / 九鬼周造,"「いき」の構造 (The Structure of Iki, 1930)",50403,erasmus,72477,0.5356
Kuki Shūzō / 九鬼周造,"「いき」の構造 (The Structure of Iki, 1930)",50403,erfurt,32262,0.6497
Kuki Shūzō / 九鬼周造,"「いき」の構造 (The Structure of Iki, 1930)",50403,ernst-mach,76311,0.5712
Kuki Shūzō / 九鬼周造,"「いき」の構造 (The Structure of Iki, 1930)",50403,falaquera,51748,0.4819
Kuki Shūzō / 九鬼周造,"「いき」の構造 (The Structure of Iki, 1930)",50403,fechner,75075,0.5621
Kuki Shūzō / 九鬼周造,"「いき」の構造 (The Structure of Iki, 1930)",50403,feigl,66068,0.598
Kuki Shūzō / 九鬼周造,"「いき」の構造 (The Structure of Iki, 1930)",50403,feyerabend,167393,0.5163
Kuki Shūzō / 九鬼周造,"「いき」の構造 (The Structure of Iki, 1930)",50403,ficino,59497,0.4788
Kuki Shūzō / 九鬼周造,"「いき」の構造 (The Structure of Iki, 1930)",50403,findlay,87164,0.6938
Kuki Shūzō / 九鬼周造,"「いき」の構造 (The Structure of Iki, 1930)",50403,fitzralph,44938,0.5203
Kuki Shūzō / 九鬼周造,"「いき」の構造 (The Structure of Iki, 1930)",50403,fleck,85865,0.6244
Kuki Shūzō / 九鬼周造,"「いき」の構造 (The Structure of Iki, 1930)",50403,foucault,71347,0.5919
Kuki Shūzō / 九鬼周造,"「いき」の構造 (The Structure of Iki, 1930)",50403,francis-bacon,98798,0.4878
Kuki Shūzō / 九鬼周造,"「いき」の構造 (The Structure of Iki, 1930)",50403,francis-marchia,59118,0.4859
Kuki Shūzō / 九鬼周造,"「いき」の構造 (The Structure of Iki, 1930)",50403,francisco-sanches,90776,0.6107
Kuki Shūzō / 九鬼周造,"「いき」の構造 (The Structure of Iki, 1930)",50403,francois-barre,83603,0.5891
Kuki Shūzō / 九鬼周造,"「いき」の構造 (The Structure of Iki, 1930)",50403,frantz-fanon,61216,0.5325
Kuki Shūzō / 九鬼周造,"「いき」の構造 (The Structure of Iki, 1930)",50403,frederick-douglass,86476,0.3667
Kuki Shūzō / 九鬼周造,"「いき」の構造 (The Structure of Iki, 1930)",50403,frege,117516,0.5529
Kuki Shūzō / 九鬼周造,"「いき」の構造 (The Structure of Iki, 1930)",50403,friedrich-hayek,67758,0.4866
Kuki Shūzō / 九鬼周造,"「いき」の構造 (The Structure of Iki, 1930)",50403,friedrich-jacobi,100953,0.5385
Kuki Shūzō / 九鬼周造,"「いき」の構造 (The Structure of Iki, 1930)",50403,friedrich-lange,99637,0.5524
Kuki Shūzō / 九鬼周造,"「いき」の構造 (The Structure of Iki, 1930)",50403,fuller-margaret,41898,0.3949
Kuki Shūzō / 九鬼周造,"「いき」の構造 (The Structure of Iki, 1930)",50403,gadamer,64826,0.5977
Kuki Shūzō / 九鬼周造,"「いき」の構造 (The Structure of Iki, 1930)",50403,galen,114333,0.6597
Kuki Shūzō / 九鬼周造,"「いき」の構造 (The Structure of Iki, 1930)",50403,galileo,87896,0.441
Kuki Shūzō / 九鬼周造,"「いき」の構造 (The Structure of Iki, 1930)",50403,gangesa,114855,0.7104
Kuki Shūzō / 九鬼周造,"「いき」の構造 (The Structure of Iki, 1930)",50403,gassendi,117622,0.5916
Kuki Shūzō / 九鬼周造,"「いき」の構造 (The Structure of Iki, 1930)",50403,gasset,181593,0.6359
Kuki Shūzō / 九鬼周造,"「いき」の構造 (The Structure of Iki, 1930)",50403,gersonides,51191,0.5077
Kuki Shūzō / 九鬼周造,"「いき」の構造 (The Structure of Iki, 1930)",50403,giles,56142,0.509
Kuki Shūzō / 九鬼周造,"「いき」の構造 (The Structure of Iki, 1930)",50403,godfrey,58449,0.6204
Kuki Shūzō / 九鬼周造,"「いき」の構造 (The Structure of Iki, 1930)",50403,godwin,41518,0.4826
Kuki Shūzō / 九鬼周造,"「いき」の構造 (The Structure of Iki, 1930)",50403,goedel,127795,0.4908
Kuki Shūzō / 九鬼周造,"「いき」の構造 (The Structure of Iki, 1930)",50403,gomez-pereira,68999,0.6721
Kuki Shūzō / 九鬼周造,"「いき」の構造 (The Structure of Iki, 1930)",50403,goodman,89248,0.6657
Kuki Shūzō / 九鬼周造,"「いき」の構造 (The Structure of Iki, 1930)",50403,gorampa,40034,0.5821
Kuki Shūzō / 九鬼周造,"「いき」の構造 (The Structure of Iki, 1930)",50403,gramsci,70157,0.4128
Kuki Shūzō / 九鬼周造,"「いき」の構造 (The Structure of Iki, 1930)",50403,green,96989,0.5746
Kuki Shūzō / 九鬼周造,"「いき」の構造 (The Structure of Iki, 1930)",50403,gregory-rimini,59498,0.527
Kuki Shūzō / 九鬼周造,"「いき」の構造 (The Structure of Iki, 1930)",50403,grice,60807,0.6952
Kuki Shūzō / 九鬼周造,"「いき」の構造 (The Structure of Iki, 1930)",50403,grosseteste,95880,0.5822
Kuki Shūzō / 九鬼周造,"「いき」の構造 (The Structure of Iki, 1930)",50403,grotius,68392,0.4738
Kuki Shūzō / 九鬼周造,"「いき」の構造 (The Structure of Iki, 1930)",50403,habermas,210528,0.572
Kuki Shūzō / 九鬼周造,"「いき」の構造 (The Structure of Iki, 1930)",50403,halevi,90029,0.585
Kuki Shūzō / 九鬼周造,"「いき」の構造 (The Structure of Iki, 1930)",50403,hamann,62214,0.641
Kuki Shūzō / 九鬼周造,"「いき」の構造 (The Structure of Iki, 1930)",50403,hare,83633,0.659
Kuki Shūzō / 九鬼周造,"「いき」の構造 (The Structure of Iki, 1930)",50403,harriet-mill,51878,0.4218
Kuki Shūzō / 九鬼周造,"「いき」の構造 (The Structure of Iki, 1930)",50403,hartley,87906,0.6912
Kuki Shūzō / 九鬼周造,"「いき」の構造 (The Structure of Iki, 1930)",50403,hartshorne,76892,0.629
Kuki Shūzō / 九鬼周造,"「いき」の構造 (The Structure of Iki, 1930)",50403,hegel,150291,0.6331
Kuki Shūzō / 九鬼周造,"「いき」の構造 (The Structure of Iki, 1930)",50403,heidegger,197896,0.669
Kuki Shūzō / 九鬼周造,"「いき」の構造 (The Structure of Iki, 1930)",50403,heinrich-rickert,108833,0.688
Kuki Shūzō / 九鬼周造,"「いき」の構造 (The Structure of Iki, 1930)",50403,hempel,112538,0.6225
Kuki Shūzō / 九鬼周造,"「いき」の構造 (The Structure of Iki, 1930)",50403,henricus-regius,47479,0.5556
Kuki Shūzō / 九鬼周造,"「いき」の構造 (The Structure of Iki, 1930)",50403,henry-ghent,85659,0.7038
Kuki Shūzō / 九鬼周造,"「いき」の構造 (The Structure of Iki, 1930)",50403,henry-more,122075,0.6089
Kuki Shūzō / 九鬼周造,"「いき」の構造 (The Structure of Iki, 1930)",50403,heraclitus,44673,0.6313
Kuki Shūzō / 九鬼周造,"「いき」の構造 (The Structure of Iki, 1930)",50403,herder,168258,0.665
Kuki Shūzō / 九鬼周造,"「いき」の構造 (The Structure of Iki, 1930)",50403,hermann-helmholtz,98320,0.5506
Kuki Shūzō / 九鬼周造,"「いき」の構造 (The Structure of Iki, 1930)",50403,hermann-lotze,99004,0.7377
Kuki Shūzō / 九鬼周造,"「いき」の構造 (The Structure of Iki, 1930)",50403,heytesbury,85920,0.6241
Kuki Shūzō / 九鬼周造,"「いき」の構造 (The Structure of Iki, 1930)",50403,hobbes,63819,0.537
Kuki Shūzō / 九鬼周造,"「いき」の構造 (The Structure of Iki, 1930)",50403,holbach,34477,0.5613
Kuki Shūzō / 九鬼周造,"「いき」の構造 (The Structure of Iki, 1930)",50403,holkot,49096,0.5436
Kuki Shūzō / 九鬼周造,"「いき」の構造 (The Structure of Iki, 1930)",50403,horkheimer,75665,0.5573
Kuki Shūzō / 九鬼周造,"「いき」の構造 (The Structure of Iki, 1930)",50403,hume,129304,0.6392
Kuki Shūzō / 九鬼周造,"「いき」の構造 (The Structure of Iki, 1930)",50403,husserl,152478,0.695
Kuki Shūzō / 九鬼周造,"「いき」の構造 (The Structure of Iki, 1930)",50403,hutcheson,74415,0.6572
Kuki Shūzō / 九鬼周造,"「いき」の構造 (The Structure of Iki, 1930)",50403,iamblichus,107043,0.6158
Kuki Shūzō / 九鬼周造,"「いき」の構造 (The Structure of Iki, 1930)",50403,ibn-arabi,89646,0.6048
Kuki Shūzō / 九鬼周造,"「いき」の構造 (The Structure of Iki, 1930)",50403,ibn-bajja,117735,0.6479
Kuki Shūzō / 九鬼周造,"「いき」の構造 (The Structure of Iki, 1930)",50403,ibn-ezra,68386,0.5387
Kuki Shūzō / 九鬼周造,"「いき」の構造 (The Structure of Iki, 1930)",50403,ibn-gabirol,87218,0.6142
Kuki Shūzō / 九鬼周造,"「いき」の構造 (The Structure of Iki, 1930)",50403,ibn-kammuna,58550,0.5785
Kuki Shūzō / 九鬼周造,"「いき」の構造 (The Structure of Iki, 1930)",50403,ibn-rushd,137877,0.568
Kuki Shūzō / 九鬼周造,"「いき」の構造 (The Structure of Iki, 1930)",50403,ibn-sina,77240,0.5746
Kuki Shūzō / 九鬼周造,"「いき」の構造 (The Structure of Iki, 1930)",50403,ingarden,52942,0.6911
Kuki Shūzō / 九鬼周造,"「いき」の構造 (The Structure of Iki, 1930)",50403,israeli,47269,0.5196
Kuki Shūzō / 九鬼周造,"「いき」の構造 (The Structure of Iki, 1930)",50403,james,54711,0.5887
Kuki Shūzō / 九鬼周造,"「いき」の構造 (The Structure of Iki, 1930)",50403,james-mill,69501,0.4964
Kuki Shūzō / 九鬼周造,"「いき」の構造 (The Structure of Iki, 1930)",50403,james-viterbo,80068,0.6161
Kuki Shūzō / 九鬼周造,"「いき」の構造 (The Structure of Iki, 1930)",50403,james-ward,43653,0.6417
Kuki Shūzō / 九鬼周造,"「いき」の構造 (The Structure of Iki, 1930)",50403,jaspers,78855,0.5391
Kuki Shūzō / 九鬼周造,"「いき」の構造 (The Structure of Iki, 1930)",50403,jayaraasi,54565,0.6049
Kuki Shūzō / 九鬼周造,"「いき」の構造 (The Structure of Iki, 1930)",50403,jefferson,103378,0.4356
Kuki Shūzō / 九鬼周造,"「いき」の構造 (The Structure of Iki, 1930)",50403,joane-petrizi,31183,0.4813
Kuki Shūzō / 九鬼周造,"「いき」の構造 (The Structure of Iki, 1930)",50403,johann-fichte,85456,0.5358
Kuki Shūzō / 九鬼周造,"「いき」の構造 (The Structure of Iki, 1930)",50403,johann-herbart,145051,0.7656
Kuki Shūzō / 九鬼周造,"「いき」の構造 (The Structure of Iki, 1930)",50403,johann-sturm,57886,0.5574
Kuki Shūzō / 九鬼周造,"「いき」の構造 (The Structure of Iki, 1930)",50403,john-norris,59224,0.5936
Kuki Shūzō / 九鬼周造,"「いき」の構造 (The Structure of Iki, 1930)",50403,john-salisbury,1878,0.3241
Kuki Shūzō / 九鬼周造,"「いき」の構造 (The Structure of Iki, 1930)",50403,justus-lipsius,57626,0.5082
Kuki Shūzō / 九鬼周造,"「いき」の構造 (The Structure of Iki, 1930)",50403,kant,148977,0.6255
Kuki Shūzō / 九鬼周造,"「いき」の構造 (The Structure of Iki, 1930)",50403,karl-reinhold,71721,0.5403
Kuki Shūzō / 九鬼周造,"「いき」の構造 (The Structure of Iki, 1930)",50403,kaspi-joseph,33382,0.4987
Kuki Shūzō / 九鬼周造,"「いき」の構造 (The Structure of Iki, 1930)",50403,kepler,80866,0.3816
Kuki Shūzō / 九鬼周造,"「いき」の構造 (The Structure of Iki, 1930)",50403,kierkegaard,119676,0.5773
Kuki Shūzō / 九鬼周造,"「いき」の構造 (The Structure of Iki, 1930)",50403,kilvington,69161,0.5807
Kuki Shūzō / 九鬼周造,"「いき」の構造 (The Structure of Iki, 1930)",50403,kukai,117555,0.5762
Kuki Shūzō / 九鬼周造,"「いき」の構造 (The Structure of Iki, 1930)",50403,kumaarila,103698,0.6365
Kuki Shūzō / 九鬼周造,"「いき」の構造 (The Structure of Iki, 1930)",50403,la-forge,48296,0.63
Kuki Shūzō / 九鬼周造,"「いき」の構造 (The Structure of Iki, 1930)",50403,lacan,91125,0.6402
Kuki Shūzō / 九鬼周造,"「いき」の構造 (The Structure of Iki, 1930)",50403,lady-masham,22883,0.4591
Kuki Shūzō / 九鬼周造,"「いき」の構造 (The Structure of Iki, 1930)",50403,lakatos,123681,0.5396
Kuki Shūzō / 九鬼周造,"「いき」の構造 (The Structure of Iki, 1930)",50403,lambert-auxerre,31294,0.5247
Kuki Shūzō / 九鬼周造,"「いき」の構造 (The Structure of Iki, 1930)",50403,laozi,117361,0.5298
Kuki Shūzō / 九鬼周造,"「いき」の構造 (The Structure of Iki, 1930)",50403,lefevre-etaples,88711,0.5506
Kuki Shūzō / 九鬼周造,"「いき」の構造 (The Structure of Iki, 1930)",50403,legrand,35143,0.628
Kuki Shūzō / 九鬼周造,"「いき」の構造 (The Structure of Iki, 1930)",50403,leibniz,118441,0.6546
Kuki Shūzō / 九鬼周造,"「いき」の構造 (The Structure of Iki, 1930)",50403,leibowitz-yeshayahu,100330,0.5151
Kuki Shūzō / 九鬼周造,"「いき」の構造 (The Structure of Iki, 1930)",50403,lesniewski,100489,0.5861
Kuki Shūzō / 九鬼周造,"「いき」の構造 (The Structure of Iki, 1930)",50403,leucippus,10237,0.4991
Kuki Shūzō / 九鬼周造,"「いき」の構造 (The Structure of Iki, 1930)",50403,levinas,205903,0.6671
Kuki Shūzō / 九鬼周造,"「いき」の構造 (The Structure of Iki, 1930)",50403,lewis-ci,137094,0.6384
Kuki Shūzō / 九鬼周造,"「いき」の構造 (The Structure of Iki, 1930)",50403,llull,65388,0.6277
Kuki Shūzō / 九鬼周造,"「いき」の構造 (The Structure of Iki, 1930)",50403,locke,151674,0.5638
Kuki Shūzō / 九鬼周造,"「いき」の構造 (The Structure of Iki, 1930)",50403,lorenzo-valla,68150,0.6159
Kuki Shūzō / 九鬼周造,"「いき」の構造 (The Structure of Iki, 1930)",50403,lucretius,93987,0.5895
Kuki Shūzō / 九鬼周造,"「いき」の構造 (The Structure of Iki, 1930)",50403,lucrezia-marinella,75942,0.5565
Kuki Shūzō / 九鬼周造,"「いき」の構造 (The Structure of Iki, 1930)",50403,ludwig-feuerbach,117272,0.5978
Kuki Shūzō / 九鬼周造,"「いき」の構造 (The Structure of Iki, 1930)",50403,lukacs,84944,0.6326
Kuki Shūzō / 九鬼周造,"「いき」の構造 (The Structure of Iki, 1930)",50403,lukasiewicz,83393,0.5012
Kuki Shūzō / 九鬼周造,"「いき」の構造 (The Structure of Iki, 1930)",50403,luther,118515,0.4528
Kuki Shūzō / 九鬼周造,"「いき」の構造 (The Structure of Iki, 1930)",50403,luxemburg,73718,0.3437
Kuki Shūzō / 九鬼周造,"「いき」の構造 (The Structure of Iki, 1930)",50403,lyotard,65083,0.6405
Kuki Shūzō / 九鬼周造,"「いき」の構造 (The Structure of Iki, 1930)",50403,machiavelli,66259,0.4103
Kuki Shūzō / 九鬼周造,"「いき」の構造 (The Structure of Iki, 1930)",50403,madeleine-scudery,59378,0.6604
Kuki Shūzō / 九鬼周造,"「いき」の構造 (The Structure of Iki, 1930)",50403,maimon,76867,0.6126
Kuki Shūzō / 九鬼周造,"「いき」の構造 (The Structure of Iki, 1930)",50403,maimonides,61859,0.6065
Kuki Shūzō / 九鬼周造,"「いき」の構造 (The Structure of Iki, 1930)",50403,maimonides-islamic,149107,0.6556
Kuki Shūzō / 九鬼周造,"「いき」の構造 (The Structure of Iki, 1930)",50403,malebranche,65124,0.5812
Kuki Shūzō / 九鬼周造,"「いき」の構造 (The Structure of Iki, 1930)",50403,mally,67597,0.6216
Kuki Shūzō / 九鬼周造,"「いき」の構造 (The Structure of Iki, 1930)",50403,marcel,80460,0.692
Kuki Shūzō / 九鬼周造,"「いき」の構造 (The Structure of Iki, 1930)",50403,marcus-aurelius,52698,0.6444
Kuki Shūzō / 九鬼周造,"「いき」の構造 (The Structure of Iki, 1930)",50403,marcuse,85792,0.5513
Kuki Shūzō / 九鬼周造,"「いき」の構造 (The Structure of Iki, 1930)",50403,margaret-cavendish,155591,0.6492
Kuki Shūzō / 九鬼周造,"「いき」の構造 (The Structure of Iki, 1930)",50403,margaret-fell,66751,0.4582
Kuki Shūzō / 九鬼周造,"「いき」の構造 (The Structure of Iki, 1930)",50403,maritain,110854,0.5893
Kuki Shūzō / 九鬼周造,"「いき」の構造 (The Structure of Iki, 1930)",50403,marsilius-inghen,39243,0.5527
Kuki Shūzō / 九鬼周造,"「いき」の構造 (The Structure of Iki, 1930)",50403,marty,80853,0.6349
Kuki Shūzō / 九鬼周造,"「いき」の構造 (The Structure of Iki, 1930)",50403,marx,109131,0.5292
Kuki Shūzō / 九鬼周造,"「いき」の構造 (The Structure of Iki, 1930)",50403,mary-shepherd,62884,0.6699
Kuki Shūzō / 九鬼周造,"「いき」の構造 (The Structure of Iki, 1930)",50403,max-stirner,56436,0.5989
Kuki Shūzō / 九鬼周造,"「いき」の構造 (The Structure of Iki, 1930)",50403,mctaggart,66771,0.5345
Kuki Shūzō / 九鬼周造,"「いき」の構造 (The Structure of Iki, 1930)",50403,mead,71936,0.6357
Kuki Shūzō / 九鬼周造,"「いき」の構造 (The Structure of Iki, 1930)",50403,meinong,139971,0.6931
Kuki Shūzō / 九鬼周造,"「いき」の構造 (The Structure of Iki, 1930)",50403,meister-eckhart,109470,0.6496
Kuki Shūzō / 九鬼周造,"「いき」の構造 (The Structure of Iki, 1930)",50403,mencius,69127,0.6
Kuki Shūzō / 九鬼周造,"「いき」の構造 (The Structure of Iki, 1930)",50403,mendelssohn,82159,0.6639
Kuki Shūzō / 九鬼周造,"「いき」の構造 (The Structure of Iki, 1930)",50403,merleau-ponty,103995,0.7183
Kuki Shūzō / 九鬼周造,"「いき」の構造 (The Structure of Iki, 1930)",50403,mersenne,88368,0.5885
Kuki Shūzō / 九鬼周造,"「いき」の構造 (The Structure of Iki, 1930)",50403,michel-henry,67455,0.6953
Kuki Shūzō / 九鬼周造,"「いき」の構造 (The Structure of Iki, 1930)",50403,mill,116650,0.6499
Kuki Shūzō / 九鬼周造,"「いき」の構造 (The Structure of Iki, 1930)",50403,montaigne,48621,0.5698
Kuki Shūzō / 九鬼周造,"「いき」の構造 (The Structure of Iki, 1930)",50403,montesquieu,51662,0.4642
Kuki Shūzō / 九鬼周造,"「いき」の構造 (The Structure of Iki, 1930)",50403,moore,56230,0.6086
Kuki Shūzō / 九鬼周造,"「いき」の構造 (The Structure of Iki, 1930)",50403,mulla-sadra,116952,0.6321
Kuki Shūzō / 九鬼周造,"「いき」の構造 (The Structure of Iki, 1930)",50403,murdoch,103932,0.5769
Kuki Shūzō / 九鬼周造,"「いき」の構造 (The Structure of Iki, 1930)",50403,nagarjuna,90278,0.7308
Kuki Shūzō / 九鬼周造,"「いき」の構造 (The Structure of Iki, 1930)",50403,natorp,91653,0.5929
Kuki Shūzō / 九鬼周造,"「いき」の構造 (The Structure of Iki, 1930)",50403,newton,41696,0.4059
Kuki Shūzō / 九鬼周造,"「いき」の構造 (The Structure of Iki, 1930)",50403,nicolai-hartmann,106622,0.6587
Kuki Shūzō / 九鬼周造,"「いき」の構造 (The Structure of Iki, 1930)",50403,nicole-oresme,43962,0.5088
Kuki Shūzō / 九鬼周造,"「いき」の構造 (The Structure of Iki, 1930)",50403,nietzsche,155475,0.609
Kuki Shūzō / 九鬼周造,"「いき」の構造 (The Structure of Iki, 1930)",50403,nishida-kitaro,125671,0.6481
Kuki Shūzō / 九鬼周造,"「いき」の構造 (The Structure of Iki, 1930)",50403,novalis,66132,0.6426
Kuki Shūzō / 九鬼周造,"「いき」の構造 (The Structure of Iki, 1930)",50403,nozick-political,113594,0.5069
Kuki Shūzō / 九鬼周造,"「いき」の構造 (The Structure of Iki, 1930)",50403,numenius,82271,0.5586
Kuki Shūzō / 九鬼周造,"「いき」の構造 (The Structure of Iki, 1930)",50403,oakeshott,61423,0.6165
Kuki Shūzō / 九鬼周造,"「いき」の構造 (The Structure of Iki, 1930)",50403,ockham,96308,0.622
Kuki Shūzō / 九鬼周造,"「いき」の構造 (The Structure of Iki, 1930)",50403,olivi,102678,0.6825
Kuki Shūzō / 九鬼周造,"「いき」の構造 (The Structure of Iki, 1930)",50403,olympiodorus,32296,0.5282
Kuki Shūzō / 九鬼周造,"「いき」の構造 (The Structure of Iki, 1930)",50403,origen,71130,0.5742
Kuki Shūzō / 九鬼周造,"「いき」の構造 (The Structure of Iki, 1930)",50403,paine,57196,0.3804
Kuki Shūzō / 九鬼周造,"「いき」の構造 (The Structure of Iki, 1930)",50403,parmenides,103160,0.6418
Kuki Shūzō / 九鬼周造,"「いき」の構造 (The Structure of Iki, 1930)",50403,pascal,57239,0.5029
Kuki Shūzō / 九鬼周造,"「いき」の構造 (The Structure of Iki, 1930)",50403,patrizi,50425,0.4794
Kuki Shūzō / 九鬼周造,"「いき」の構造 (The Structure of Iki, 1930)",50403,paul-venice,94097,0.6986
Kuki Shūzō / 九鬼周造,"「いき」の構造 (The Structure of Iki, 1930)",50403,peirce,116115,0.576
Kuki Shūzō / 九鬼周造,"「いき」の構造 (The Structure of Iki, 1930)",50403,peirce-benjamin,13541,0.4401
Kuki Shūzō / 九鬼周造,"「いき」の構造 (The Structure of Iki, 1930)",50403,penbygull,21640,0.6691
Kuki Shūzō / 九鬼周造,"「いき」の構造 (The Structure of Iki, 1930)",50403,peter-damian,41882,0.5093
Kuki Shūzō / 九鬼周造,"「いき」の構造 (The Structure of Iki, 1930)",50403,peter-spain,42361,0.6713
Kuki Shūzō / 九鬼周造,"「いき」の構造 (The Structure of Iki, 1930)",50403,philip-chancellor,43687,0.5465
Kuki Shūzō / 九鬼周造,"「いき」の構造 (The Structure of Iki, 1930)",50403,philippa-foot,73201,0.5849
Kuki Shūzō / 九鬼周造,"「いき」の構造 (The Structure of Iki, 1930)",50403,philo,122474,0.5927
Kuki Shūzō / 九鬼周造,"「いき」の構造 (The Structure of Iki, 1930)",50403,philo-larissa,70351,0.5731
Kuki Shūzō / 九鬼周造,"「いき」の構造 (The Structure of Iki, 1930)",50403,philodemus,110712,0.5962
Kuki Shūzō / 九鬼周造,"「いき」の構造 (The Structure of Iki, 1930)",50403,philolaus,108781,0.5248
Kuki Shūzō / 九鬼周造,"「いき」の構造 (The Structure of Iki, 1930)",50403,philoponus,54181,0.5509
Kuki Shūzō / 九鬼周造,"「いき」の構造 (The Structure of Iki, 1930)",50403,pico-della-mirandola,66744,0.5272
Kuki Shūzō / 九鬼周造,"「いき」の構造 (The Structure of Iki, 1930)",50403,plato,71433,0.5618
Kuki Shūzō / 九鬼周造,"「いき」の構造 (The Structure of Iki, 1930)",50403,plotinus,95350,0.6978
Kuki Shūzō / 九鬼周造,"「いき」の構造 (The Structure of Iki, 1930)",50403,plutarch,114257,0.5647
Kuki Shūzō / 九鬼周造,"「いき」の構造 (The Structure of Iki, 1930)",50403,poincare,103220,0.563
Kuki Shūzō / 九鬼周造,"「いき」の構造 (The Structure of Iki, 1930)",50403,polqar,58613,0.5323
Kuki Shūzō / 九鬼周造,"「いき」の構造 (The Structure of Iki, 1930)",50403,pomponazzi,66395,0.524
Kuki Shūzō / 九鬼周造,"「いき」の構造 (The Structure of Iki, 1930)",50403,popper,91522,0.5512
Kuki Shūzō / 九鬼周造,"「いき」の構造 (The Structure of Iki, 1930)",50403,porphyry,45207,0.5985
Kuki Shūzō / 九鬼周造,"「いき」の構造 (The Structure of Iki, 1930)",50403,prichard,52049,0.5877
Kuki Shūzō / 九鬼周造,"「いき」の構造 (The Structure of Iki, 1930)",50403,prior,129545,0.5088
Kuki Shūzō / 九鬼周造,"「いき」の構造 (The Structure of Iki, 1930)",50403,proclus,123276,0.5687
Kuki Shūzō / 九鬼周造,"「いき」の構造 (The Structure of Iki, 1930)",50403,protagoras,77250,0.6315
Kuki Shūzō / 九鬼周造,"「いき」の構造 (The Structure of Iki, 1930)",50403,pseudo-dionysius-areopagite,75315,0.5982
Kuki Shūzō / 九鬼周造,"「いき」の構造 (The Structure of Iki, 1930)",50403,pyrrho,57471,0.6587
Kuki Shūzō / 九鬼周造,"「いき」の構造 (The Structure of Iki, 1930)",50403,pythagoras,118648,0.4728
Kuki Shūzō / 九鬼周造,"「いき」の構造 (The Structure of Iki, 1930)",50403,quine,105292,0.6763
Kuki Shūzō / 九鬼周造,"「いき」の構造 (The Structure of Iki, 1930)",50403,radulphus-brito,64884,0.7044
Kuki Shūzō / 九鬼周造,"「いき」の構造 (The Structure of Iki, 1930)",50403,ramsey,157347,0.5467
Kuki Shūzō / 九鬼周造,"「いき」の構造 (The Structure of Iki, 1930)",50403,ramus,91673,0.5135
Kuki Shūzō / 九鬼周造,"「いき」の構造 (The Structure of Iki, 1930)",50403,rawls,105810,0.4255
Kuki Shūzō / 九鬼周造,"「いき」の構造 (The Structure of Iki, 1930)",50403,reichenbach,136039,0.4987
Kuki Shūzō / 九鬼周造,"「いき」の構造 (The Structure of Iki, 1930)",50403,reid,181211,0.6886
Kuki Shūzō / 九鬼周造,"「いき」の構造 (The Structure of Iki, 1930)",50403,reinach,41703,0.6718
Kuki Shūzō / 九鬼周造,"「いき」の構造 (The Structure of Iki, 1930)",50403,richard-price,96378,0.6025
Kuki Shūzō / 九鬼周造,"「いき」の構造 (The Structure of Iki, 1930)",50403,ricoeur,56670,0.6567
Kuki Shūzō / 九鬼周造,"「いき」の構造 (The Structure of Iki, 1930)",50403,robert-kilwardby,148886,0.6891
Kuki Shūzō / 九鬼周造,"「いき」の構造 (The Structure of Iki, 1930)",50403,roger-bacon,146776,0.5667
Kuki Shūzō / 九鬼周造,"「いき」の構造 (The Structure of Iki, 1930)",50403,rorty,71793,0.6006
Kuki Shūzō / 九鬼周造,"「いき」の構造 (The Structure of Iki, 1930)",50403,rosenstock-huessy,97123,0.6618
Kuki Shūzō / 九鬼周造,"「いき」の構造 (The Structure of Iki, 1930)",50403,rosenzweig,96984,0.5582
Kuki Shūzō / 九鬼周造,"「いき」の構造 (The Structure of Iki, 1930)",50403,rousseau,67496,0.5309
Kuki Shūzō / 九鬼周造,"「いき」の構造 (The Structure of Iki, 1930)",50403,royce,98956,0.5868
Kuki Shūzō / 九鬼周造,"「いき」の構造 (The Structure of Iki, 1930)",50403,russell,132015,0.5393
Kuki Shūzō / 九鬼周造,"「いき」の構造 (The Structure of Iki, 1930)",50403,ryle,105532,0.7315
Kuki Shūzō / 九鬼周造,"「いき」の構造 (The Structure of Iki, 1930)",50403,saadya,49838,0.5194
Kuki Shūzō / 九鬼周造,"「いき」の構造 (The Structure of Iki, 1930)",50403,saantarak-sita,55734,0.6513
Kuki Shūzō / 九鬼周造,"「いき」の構造 (The Structure of Iki, 1930)",50403,sakya-pandita,61059,0.5699
Kuki Shūzō / 九鬼周造,"「いき」の構造 (The Structure of Iki, 1930)",50403,santayana,74763,0.5625
Kuki Shūzō / 九鬼周造,"「いき」の構造 (The Structure of Iki, 1930)",50403,sartre,101754,0.6251
Kuki Shūzō / 九鬼周造,"「いき」の構造 (The Structure of Iki, 1930)",50403,scheler,95052,0.6168
Kuki Shūzō / 九鬼周造,"「いき」の構造 (The Structure of Iki, 1930)",50403,schelling,95712,0.6622
Kuki Shūzō / 九鬼周造,"「いき」の構造 (The Structure of Iki, 1930)",50403,schiller,83194,0.7016
Kuki Shūzō / 九鬼周造,"「いき」の構造 (The Structure of Iki, 1930)",50403,schlegel,29105,0.502
Kuki Shūzō / 九鬼周造,"「いき」の構造 (The Structure of Iki, 1930)",50403,schlegel-aw,92971,0.5828
Kuki Shūzō / 九鬼周造,"「いき」の構造 (The Structure of Iki, 1930)",50403,schleiermacher,144331,0.6207
Kuki Shūzō / 九鬼周造,"「いき」の構造 (The Structure of Iki, 1930)",50403,schlick,112805,0.5801
Kuki Shūzō / 九鬼周造,"「いき」の構造 (The Structure of Iki, 1930)",50403,schmitt,89721,0.3833
Kuki Shūzō / 九鬼周造,"「いき」の構造 (The Structure of Iki, 1930)",50403,scholem,60788,0.3962
Kuki Shūzō / 九鬼周造,"「いき」の構造 (The Structure of Iki, 1930)",50403,scholz,27919,0.3435
Kuki Shūzō / 九鬼周造,"「いき」の構造 (The Structure of Iki, 1930)",50403,schopenhauer,83036,0.6049
Kuki Shūzō / 九鬼周造,"「いき」の構造 (The Structure of Iki, 1930)",50403,schutz,80445,0.5811
Kuki Shūzō / 九鬼周造,"「いき」の構造 (The Structure of Iki, 1930)",50403,scottus-eriugena,94103,0.612
Kuki Shūzō / 九鬼周造,"「いき」の構造 (The Structure of Iki, 1930)",50403,sellars,117210,0.7013
Kuki Shūzō / 九鬼周造,"「いき」の構造 (The Structure of Iki, 1930)",50403,seneca,105936,0.5882
Kuki Shūzō / 九鬼周造,"「いき」の構造 (The Structure of Iki, 1930)",50403,sextus-empiricus,109548,0.6439
Kuki Shūzō / 九鬼周造,"「いき」の構造 (The Structure of Iki, 1930)",50403,shaftesbury,2192,0.4349
Kuki Shūzō / 九鬼周造,"「いき」の構造 (The Structure of Iki, 1930)",50403,shankara,89230,0.6888
Kuki Shūzō / 九鬼周造,"「いき」の構造 (The Structure of Iki, 1930)",50403,shantideva,72337,0.65
Kuki Shūzō / 九鬼周造,"「いき」の構造 (The Structure of Iki, 1930)",50403,sharpe,50729,0.6946
Kuki Shūzō / 九鬼周造,"「いき」の構造 (The Structure of Iki, 1930)",50403,sidgwick,176811,0.5898
Kuki Shūzō / 九鬼周造,"「いき」の構造 (The Structure of Iki, 1930)",50403,sidney-hook,110797,0.5343
Kuki Shūzō / 九鬼周造,"「いき」の構造 (The Structure of Iki, 1930)",50403,simon-faversham,45088,0.6801
Kuki Shūzō / 九鬼周造,"「いき」の構造 (The Structure of Iki, 1930)",50403,simone-weil,78561,0.629
Kuki Shūzō / 九鬼周造,"「いき」の構造 (The Structure of Iki, 1930)",50403,simplicius,96839,0.533
Kuki Shūzō / 九鬼周造,"「いき」の構造 (The Structure of Iki, 1930)",50403,socrates,88031,0.5023
Kuki Shūzō / 九鬼周造,"「いき」の構造 (The Structure of Iki, 1930)",50403,sophie-de-grouchy,55009,0.493
Kuki Shūzō / 九鬼周造,"「いき」の構造 (The Structure of Iki, 1930)",50403,spencer,56620,0.5159
Kuki Shūzō / 九鬼周造,"「いき」の構造 (The Structure of Iki, 1930)",50403,speusippus,60321,0.6019
Kuki Shūzō / 九鬼周造,"「いき」の構造 (The Structure of Iki, 1930)",50403,spinoza,91786,0.6444
Kuki Shūzō / 九鬼周造,"「いき」の構造 (The Structure of Iki, 1930)",50403,sriharsa,104242,0.6847
Kuki Shūzō / 九鬼周造,"「いき」の構造 (The Structure of Iki, 1930)",50403,stebbing,55346,0.5708
Kuki Shūzō / 九鬼周造,"「いき」の構造 (The Structure of Iki, 1930)",50403,stein,145387,0.6807
Kuki Shūzō / 九鬼周造,"「いき」の構造 (The Structure of Iki, 1930)",50403,stevenson,85779,0.6631
Kuki Shūzō / 九鬼周造,"「いき」の構造 (The Structure of Iki, 1930)",50403,strauss-leo,64850,0.4679
Kuki Shūzō / 九鬼周造,"「いき」の構造 (The Structure of Iki, 1930)",50403,strawson,72046,0.6075
Kuki Shūzō / 九鬼周造,"「いき」の構造 (The Structure of Iki, 1930)",50403,stumpf,112239,0.5938
Kuki Shūzō / 九鬼周造,"「いき」の構造 (The Structure of Iki, 1930)",50403,suarez,125433,0.6159
Kuki Shūzō / 九鬼周造,"「いき」の構造 (The Structure of Iki, 1930)",50403,suhrawardi,108375,0.6135
Kuki Shūzō / 九鬼周造,"「いき」の構造 (The Structure of Iki, 1930)",50403,susman-margarete,76293,0.6023
Kuki Shūzō / 九鬼周造,"「いき」の構造 (The Structure of Iki, 1930)",50403,sylvan-routley,115072,0.6156
Kuki Shūzō / 九鬼周造,"「いき」の構造 (The Structure of Iki, 1930)",50403,syrianus,97154,0.5782
Kuki Shūzō / 九鬼周造,"「いき」の構造 (The Structure of Iki, 1930)",50403,tarski,86038,0.5325
Kuki Shūzō / 九鬼周造,"「いき」の構造 (The Structure of Iki, 1930)",50403,taurellus,51823,0.6511
Kuki Shūzō / 九鬼周造,"「いき」の構造 (The Structure of Iki, 1930)",50403,telesio,40426,0.5696
Kuki Shūzō / 九鬼周造,"「いき」の構造 (The Structure of Iki, 1930)",50403,theophrastus,91516,0.5922
Kuki Shūzō / 九鬼周造,"「いき」の構造 (The Structure of Iki, 1930)",50403,thomas-kuhn,95209,0.5553
Kuki Shūzō / 九鬼周造,"「いき」の構造 (The Structure of Iki, 1930)",50403,thomas-more,75732,0.537
Kuki Shūzō / 九鬼周造,"「いき」の構造 (The Structure of Iki, 1930)",50403,thoreau,43886,0.6242
Kuki Shūzō / 九鬼周造,"「いき」の構造 (The Structure of Iki, 1930)",50403,tibbon,63044,0.5244
Kuki Shūzō / 九鬼周造,"「いき」の構造 (The Structure of Iki, 1930)",50403,timon-phlius,30753,0.6003
Kuki Shūzō / 九鬼周造,"「いき」の構造 (The Structure of Iki, 1930)",50403,tsongkhapa,82475,0.4796
Kuki Shūzō / 九鬼周造,"「いき」の構造 (The Structure of Iki, 1930)",50403,turing,70634,0.4263
Kuki Shūzō / 九鬼周造,"「いき」の構造 (The Structure of Iki, 1930)",50403,twardowski,79479,0.6469
Kuki Shūzō / 九鬼周造,"「いき」の構造 (The Structure of Iki, 1930)",50403,umar-khayyam,94432,0.6073
Kuki Shūzō / 九鬼周造,"「いき」の構造 (The Structure of Iki, 1930)",50403,vaihinger,64311,0.6287
Kuki Shūzō / 九鬼周造,"「いき」の構造 (The Structure of Iki, 1930)",50403,vasubandhu,116641,0.6743
Kuki Shūzō / 九鬼周造,"「いき」の構造 (The Structure of Iki, 1930)",50403,vico,42337,0.5517
Kuki Shūzō / 九鬼周造,"「いき」の構造 (The Structure of Iki, 1930)",50403,vives,43013,0.5748
Kuki Shūzō / 九鬼周造,"「いき」の構造 (The Structure of Iki, 1930)",50403,voltaire,87195,0.464
Kuki Shūzō / 九鬼周造,"「いき」の構造 (The Structure of Iki, 1930)",50403,walter-chatton,110366,0.6939
Kuki Shūzō / 九鬼周造,"「いき」の構造 (The Structure of Iki, 1930)",50403,wang-yangming,49779,0.622
Kuki Shūzō / 九鬼周造,"「いき」の構造 (The Structure of Iki, 1930)",50403,watsuji-tetsuro,70157,0.6185
Kuki Shūzō / 九鬼周造,"「いき」の構造 (The Structure of Iki, 1930)",50403,weber,88898,0.5613
Kuki Shūzō / 九鬼周造,"「いき」の構造 (The Structure of Iki, 1930)",50403,wesley-salmon,102457,0.5093
Kuki Shūzō / 九鬼周造,"「いき」の構造 (The Structure of Iki, 1930)",50403,weyl,344677,0.5289
Kuki Shūzō / 九鬼周造,"「いき」の構造 (The Structure of Iki, 1930)",50403,whewell,60215,0.5164
Kuki Shūzō / 九鬼周造,"「いき」の構造 (The Structure of Iki, 1930)",50403,whitehead,126351,0.5831
Kuki Shūzō / 九鬼周造,"「いき」の構造 (The Structure of Iki, 1930)",50403,wilhelm-humboldt,101176,0.521
Kuki Shūzō / 九鬼周造,"「いき」の構造 (The Structure of Iki, 1930)",50403,wilhelm-windelband,71324,0.6061
Kuki Shūzō / 九鬼周造,"「いき」の構造 (The Structure of Iki, 1930)",50403,wilhelm-wundt,83520,0.6435
Kuki Shūzō / 九鬼周造,"「いき」の構造 (The Structure of Iki, 1930)",50403,william-auvergne,87618,0.5791
Kuki Shūzō / 九鬼周造,"「いき」の構造 (The Structure of Iki, 1930)",50403,william-champeaux,51368,0.6297
Kuki Shūzō / 九鬼周造,"「いき」の構造 (The Structure of Iki, 1930)",50403,william-david-ross,120186,0.5244
Kuki Shūzō / 九鬼周造,"「いき」の構造 (The Structure of Iki, 1930)",50403,william-jevons,38920,0.5781
Kuki Shūzō / 九鬼周造,"「いき」の構造 (The Structure of Iki, 1930)",50403,william-sherwood,33278,0.5552
Kuki Shūzō / 九鬼周造,"「いき」の構造 (The Structure of Iki, 1930)",50403,williams-bernard,97259,0.5595
Kuki Shūzō / 九鬼周造,"「いき」の構造 (The Structure of Iki, 1930)",50403,williams-dc,56136,0.6166
Kuki Shūzō / 九鬼周造,"「いき」の構造 (The Structure of Iki, 1930)",50403,wilson,127113,0.6512
Kuki Shūzō / 九鬼周造,"「いき」の構造 (The Structure of Iki, 1930)",50403,wittgenstein,85691,0.6374
Kuki Shūzō / 九鬼周造,"「いき」の構造 (The Structure of Iki, 1930)",50403,wodeham,77994,0.6282
Kuki Shūzō / 九鬼周造,"「いき」の構造 (The Structure of Iki, 1930)",50403,wolff-christian,125458,0.6095
Kuki Shūzō / 九鬼周造,"「いき」の構造 (The Structure of Iki, 1930)",50403,wollstonecraft,66138,0.4556
Kuki Shūzō / 九鬼周造,"「いき」の構造 (The Structure of Iki, 1930)",50403,wright,50233,0.6023
Kuki Shūzō / 九鬼周造,"「いき」の構造 (The Structure of Iki, 1930)",50403,wyclif,131895,0.6704
Kuki Shūzō / 九鬼周造,"「いき」の構造 (The Structure of Iki, 1930)",50403,xenocrates,42984,0.5801
Kuki Shūzō / 九鬼周造,"「いき」の構造 (The Structure of Iki, 1930)",50403,xenophanes,37845,0.5859
Kuki Shūzō / 九鬼周造,"「いき」の構造 (The Structure of Iki, 1930)",50403,xunzi,52292,0.6325
Kuki Shūzō / 九鬼周造,"「いき」の構造 (The Structure of Iki, 1930)",50403,yorck,55210,0.6425
Kuki Shūzō / 九鬼周造,"「いき」の構造 (The Structure of Iki, 1930)",50403,zabarella,55317,0.5663
Kuki Shūzō / 九鬼周造,"「いき」の構造 (The Structure of Iki, 1930)",50403,zeno-elea,66712,0.5841
Kuki Shūzō / 九鬼周造,"「いき」の構造 (The Structure of Iki, 1930)",50403,zhu-xi,111196,0.5798
Kuki Shūzō / 九鬼周造,"「いき」の構造 (The Structure of Iki, 1930)",50403,zhuangzi,132308,0.6721
Miki Kiyoshi / 三木清,"人生論ノート (Notes on the Philosophy of Life, 1941)",72182,abelard,89142,0.6831
Miki Kiyoshi / 三木清,"人生論ノート (Notes on the Philosophy of Life, 1941)",72182,abner-burgos,38237,0.5429
Miki Kiyoshi / 三木清,"人生論ノート (Notes on the Philosophy of Life, 1941)",72182,abrabanel,57531,0.6572
Miki Kiyoshi / 三木清,"人生論ノート (Notes on the Philosophy of Life, 1941)",72182,abraham-daud,60460,0.5786
Miki Kiyoshi / 三木清,"人生論ノート (Notes on the Philosophy of Life, 1941)",72182,abu-bakr-al-razi,47989,0.5601
Miki Kiyoshi / 三木清,"人生論ノート (Notes on the Philosophy of Life, 1941)",72182,addams-jane,73923,0.5106
Miki Kiyoshi / 三木清,"人生論ノート (Notes on the Philosophy of Life, 1941)",72182,adorno,129793,0.7072
Miki Kiyoshi / 三木清,"人生論ノート (Notes on the Philosophy of Life, 1941)",72182,agrippa-nettesheim,75671,0.6476
Miki Kiyoshi / 三木清,"人生論ノート (Notes on the Philosophy of Life, 1941)",72182,al-baghdadi,83713,0.5609
Miki Kiyoshi / 三木清,"人生論ノート (Notes on the Philosophy of Life, 1941)",72182,al-din-al-razi,83443,0.6033
Miki Kiyoshi / 三木清,"人生論ノート (Notes on the Philosophy of Life, 1941)",72182,al-farabi,47405,0.4385
Miki Kiyoshi / 三木清,"人生論ノート (Notes on the Philosophy of Life, 1941)",72182,al-ghazali,101966,0.5187
Miki Kiyoshi / 三木清,"人生論ノート (Notes on the Philosophy of Life, 1941)",72182,al-kindi,58692,0.6138
Miki Kiyoshi / 三木清,"人生論ノート (Notes on the Philosophy of Life, 1941)",72182,alain-locke,96958,0.6685
Miki Kiyoshi / 三木清,"人生論ノート (Notes on the Philosophy of Life, 1941)",72182,albalag,82100,0.6805
Miki Kiyoshi / 三木清,"人生論ノート (Notes on the Philosophy of Life, 1941)",72182,albert-great,74990,0.6643
Miki Kiyoshi / 三木清,"人生論ノート (Notes on the Philosophy of Life, 1941)",72182,albert-saxony,35992,0.5097
Miki Kiyoshi / 三木清,"人生論ノート (Notes on the Philosophy of Life, 1941)",72182,albo-joseph,47544,0.509
Miki Kiyoshi / 三木清,"人生論ノート (Notes on the Philosophy of Life, 1941)",72182,alcmaeon,58082,0.5639
Miki Kiyoshi / 三木清,"人生論ノート (Notes on the Philosophy of Life, 1941)",72182,alexander,52520,0.6228
Miki Kiyoshi / 三木清,"人生論ノート (Notes on the Philosophy of Life, 1941)",72182,alexander-aphrodisias,74028,0.6222
Miki Kiyoshi / 三木清,"人生論ノート (Notes on the Philosophy of Life, 1941)",72182,alexander-crummell,74136,0.6717
Miki Kiyoshi / 三木清,"人生論ノート (Notes on the Philosophy of Life, 1941)",72182,alexander-humboldt,88302,0.4861
Miki Kiyoshi / 三木清,"人生論ノート (Notes on the Philosophy of Life, 1941)",72182,althusser,94704,0.5921
Miki Kiyoshi / 三木清,"人生論ノート (Notes on the Philosophy of Life, 1941)",72182,alyngton,60766,0.6565
Miki Kiyoshi / 三木清,"人生論ノート (Notes on the Philosophy of Life, 1941)",72182,ammonius,88404,0.5366
Miki Kiyoshi / 三木清,"人生論ノート (Notes on the Philosophy of Life, 1941)",72182,anaxagoras,71165,0.6074
Miki Kiyoshi / 三木清,"人生論ノート (Notes on the Philosophy of Life, 1941)",72182,anderson-john,88384,0.6991
Miki Kiyoshi / 三木清,"人生論ノート (Notes on the Philosophy of Life, 1941)",72182,anna-julia-cooper,99707,0.4412
Miki Kiyoshi / 三木清,"人生論ノート (Notes on the Philosophy of Life, 1941)",72182,anscombe,66048,0.7347
Miki Kiyoshi / 三木清,"人生論ノート (Notes on the Philosophy of Life, 1941)",72182,anselm,44248,0.7305
Miki Kiyoshi / 三木清,"人生論ノート (Notes on the Philosophy of Life, 1941)",72182,antiochus-ascalon,34903,0.6563
Miki Kiyoshi / 三木清,"人生論ノート (Notes on the Philosophy of Life, 1941)",72182,antonio-rosmini,57060,0.8053
Miki Kiyoshi / 三木清,"人生論ノート (Notes on the Philosophy of Life, 1941)",72182,aquinas,116371,0.7164
Miki Kiyoshi / 三木清,"人生論ノート (Notes on the Philosophy of Life, 1941)",72182,arcesilaus,69050,0.6428
Miki Kiyoshi / 三木清,"人生論ノート (Notes on the Philosophy of Life, 1941)",72182,archytas,108213,0.4712
Miki Kiyoshi / 三木清,"人生論ノート (Notes on the Philosophy of Life, 1941)",72182,arendt,97091,0.711
Miki Kiyoshi / 三木清,"人生論ノート (Notes on the Philosophy of Life, 1941)",72182,aristotle,145744,0.7387
Miki Kiyoshi / 三木清,"人生論ノート (Notes on the Philosophy of Life, 1941)",72182,arnauld,130687,0.6843
Miki Kiyoshi / 三木清,"人生論ノート (Notes on the Philosophy of Life, 1941)",72182,astell,83883,0.7422
Miki Kiyoshi / 三木清,"人生論ノート (Notes on the Philosophy of Life, 1941)",72182,august-rehberg,56341,0.5705
Miki Kiyoshi / 三木清,"人生論ノート (Notes on the Philosophy of Life, 1941)",72182,augustine,189535,0.6963
Miki Kiyoshi / 三木清,"人生論ノート (Notes on the Philosophy of Life, 1941)",72182,auriol,63037,0.6708
Miki Kiyoshi / 三木清,"人生論ノート (Notes on the Philosophy of Life, 1941)",72182,austin-jl,133014,0.6519
Miki Kiyoshi / 三木清,"人生論ノート (Notes on the Philosophy of Life, 1941)",72182,austin-john,35237,0.4757
Miki Kiyoshi / 三木清,"人生論ノート (Notes on the Philosophy of Life, 1941)",72182,autrecourt,32240,0.5206
Miki Kiyoshi / 三木清,"人生論ノート (Notes on the Philosophy of Life, 1941)",72182,ayer,83888,0.6342
Miki Kiyoshi / 三木清,"人生論ノート (Notes on the Philosophy of Life, 1941)",72182,ayn-rand,108332,0.7335
Miki Kiyoshi / 三木清,"人生論ノート (Notes on the Philosophy of Life, 1941)",72182,baudrillard,92850,0.6615
Miki Kiyoshi / 三木清,"人生論ノート (Notes on the Philosophy of Life, 1941)",72182,bauer,65261,0.5479
Miki Kiyoshi / 三木清,"人生論ノート (Notes on the Philosophy of Life, 1941)",72182,bayle,71814,0.565
Miki Kiyoshi / 三木清,"人生論ノート (Notes on the Philosophy of Life, 1941)",72182,beauvoir,130158,0.6014
Miki Kiyoshi / 三木清,"人生論ノート (Notes on the Philosophy of Life, 1941)",72182,benjamin,132946,0.6334
Miki Kiyoshi / 三木清,"人生論ノート (Notes on the Philosophy of Life, 1941)",72182,bentham,119009,0.5511
Miki Kiyoshi / 三木清,"人生論ノート (Notes on the Philosophy of Life, 1941)",72182,bergson,75781,0.689
Miki Kiyoshi / 三木清,"人生論ノート (Notes on the Philosophy of Life, 1941)",72182,berkeley,66222,0.7169
Miki Kiyoshi / 三木清,"人生論ノート (Notes on the Philosophy of Life, 1941)",72182,berlin,129531,0.6787
Miki Kiyoshi / 三木清,"人生論ノート (Notes on the Philosophy of Life, 1941)",72182,bessarion,40178,0.4064
Miki Kiyoshi / 三木清,"人生論ノート (Notes on the Philosophy of Life, 1941)",72182,bloch,70253,0.6644
Miki Kiyoshi / 三木清,"人生論ノート (Notes on the Philosophy of Life, 1941)",72182,bodin,124284,0.3937
Miki Kiyoshi / 三木清,"人生論ノート (Notes on the Philosophy of Life, 1941)",72182,boethius,62682,0.6647
Miki Kiyoshi / 三木清,"人生論ノート (Notes on the Philosophy of Life, 1941)",72182,boethius-dacia,54051,0.6717
Miki Kiyoshi / 三木清,"人生論ノート (Notes on the Philosophy of Life, 1941)",72182,bolzano,155132,0.5639
Miki Kiyoshi / 三木清,"人生論ノート (Notes on the Philosophy of Life, 1941)",72182,bonaventure,109175,0.655
Miki Kiyoshi / 三木清,"人生論ノート (Notes on the Philosophy of Life, 1941)",72182,boole,88621,0.3223
Miki Kiyoshi / 三木清,"人生論ノート (Notes on the Philosophy of Life, 1941)",72182,bosanquet,96950,0.6078
Miki Kiyoshi / 三木清,"人生論ノート (Notes on the Philosophy of Life, 1941)",72182,boyle,111911,0.674
Miki Kiyoshi / 三木清,"人生論ノート (Notes on the Philosophy of Life, 1941)",72182,bradley,67270,0.7164
Miki Kiyoshi / 三木清,"人生論ノート (Notes on the Philosophy of Life, 1941)",72182,brentano,87726,0.6359
Miki Kiyoshi / 三木清,"人生論ノート (Notes on the Philosophy of Life, 1941)",72182,broad,78488,0.76
Miki Kiyoshi / 三木清,"人生論ノート (Notes on the Philosophy of Life, 1941)",72182,brouwer,44368,0.4244
Miki Kiyoshi / 三木清,"人生論ノート (Notes on the Philosophy of Life, 1941)",72182,bruno,145683,0.6164
Miki Kiyoshi / 三木清,"人生論ノート (Notes on the Philosophy of Life, 1941)",72182,buber,66928,0.5245
Miki Kiyoshi / 三木清,"人生論ノート (Notes on the Philosophy of Life, 1941)",72182,buddha,50785,0.7768
Miki Kiyoshi / 三木清,"人生論ノート (Notes on the Philosophy of Life, 1941)",72182,buridan,87906,0.6677
Miki Kiyoshi / 三木清,"人生論ノート (Notes on the Philosophy of Life, 1941)",72182,burke,90308,0.6076
Miki Kiyoshi / 三木清,"人生論ノート (Notes on the Philosophy of Life, 1941)",72182,burley,115565,0.6583
Miki Kiyoshi / 三木清,"人生論ノート (Notes on the Philosophy of Life, 1941)",72182,campanella,82531,0.6391
Miki Kiyoshi / 三木清,"人生論ノート (Notes on the Philosophy of Life, 1941)",72182,camus,80128,0.7005
Miki Kiyoshi / 三木清,"人生論ノート (Notes on the Philosophy of Life, 1941)",72182,cardano,83556,0.7467
Miki Kiyoshi / 三木清,"人生論ノート (Notes on the Philosophy of Life, 1941)",72182,carnap,210237,0.533
Miki Kiyoshi / 三木清,"人生論ノート (Notes on the Philosophy of Life, 1941)",72182,carneades,47385,0.6929
Miki Kiyoshi / 三木清,"人生論ノート (Notes on the Philosophy of Life, 1941)",72182,cassirer,60498,0.6772
Miki Kiyoshi / 三木清,"人生論ノート (Notes on the Philosophy of Life, 1941)",72182,catharine-macaulay,75941,0.542
Miki Kiyoshi / 三木清,"人生論ノート (Notes on the Philosophy of Life, 1941)",72182,chisholm,111067,0.7081
Miki Kiyoshi / 三木清,"人生論ノート (Notes on the Philosophy of Life, 1941)",72182,church,149178,0.5403
Miki Kiyoshi / 三木清,"人生論ノート (Notes on the Philosophy of Life, 1941)",72182,cicero,83024,0.6956
Miki Kiyoshi / 三木清,"人生論ノート (Notes on the Philosophy of Life, 1941)",72182,clarke,92724,0.6431
Miki Kiyoshi / 三木清,"人生論ノート (Notes on the Philosophy of Life, 1941)",72182,cockburn,21972,0.619
Miki Kiyoshi / 三木清,"人生論ノート (Notes on the Philosophy of Life, 1941)",72182,cohen,95490,0.6088
Miki Kiyoshi / 三木清,"人生論ノート (Notes on the Philosophy of Life, 1941)",72182,collingwood,122058,0.6995
Miki Kiyoshi / 三木清,"人生論ノート (Notes on the Philosophy of Life, 1941)",72182,collins,147634,0.6257
Miki Kiyoshi / 三木清,"人生論ノート (Notes on the Philosophy of Life, 1941)",72182,comte,1828,0.4786
Miki Kiyoshi / 三木清,"人生論ノート (Notes on the Philosophy of Life, 1941)",72182,condillac,96062,0.7335
Miki Kiyoshi / 三木清,"人生論ノート (Notes on the Philosophy of Life, 1941)",72182,confucius,73300,0.5625
Miki Kiyoshi / 三木清,"人生論ノート (Notes on the Philosophy of Life, 1941)",72182,consequence-medieval,87811,0.593
Miki Kiyoshi / 三木清,"人生論ノート (Notes on the Philosophy of Life, 1941)",72182,conway,27816,0.6409
Miki Kiyoshi / 三木清,"人生論ノート (Notes on the Philosophy of Life, 1941)",72182,copernicus,47058,0.3685
Miki Kiyoshi / 三木清,"人生論ノート (Notes on the Philosophy of Life, 1941)",72182,cordemoy,24863,0.6834
Miki Kiyoshi / 三木清,"人生論ノート (Notes on the Philosophy of Life, 1941)",72182,crathorn,24237,0.6341
Miki Kiyoshi / 三木清,"人生論ノート (Notes on the Philosophy of Life, 1941)",72182,crescas,61149,0.5796
Miki Kiyoshi / 三木清,"人生論ノート (Notes on the Philosophy of Life, 1941)",72182,cudworth,48093,0.6535
Miki Kiyoshi / 三木清,"人生論ノート (Notes on the Philosophy of Life, 1941)",72182,cusanus,100566,0.6765
Miki Kiyoshi / 三木清,"人生論ノート (Notes on the Philosophy of Life, 1941)",72182,dante,110390,0.6285
Miki Kiyoshi / 三木清,"人生論ノート (Notes on the Philosophy of Life, 1941)",72182,david,12440,0.5286
Miki Kiyoshi / 三木清,"人生論ノート (Notes on the Philosophy of Life, 1941)",72182,david-lewis,158492,0.6614
Miki Kiyoshi / 三木清,"人生論ノート (Notes on the Philosophy of Life, 1941)",72182,davidson,86963,0.6446
Miki Kiyoshi / 三木清,"人生論ノート (Notes on the Philosophy of Life, 1941)",72182,deleuze,120638,0.6724
Miki Kiyoshi / 三木清,"人生論ノート (Notes on the Philosophy of Life, 1941)",72182,della-porta,83319,0.4658
Miki Kiyoshi / 三木清,"人生論ノート (Notes on the Philosophy of Life, 1941)",72182,delmedigo,38766,0.5103
Miki Kiyoshi / 三木清,"人生論ノート (Notes on the Philosophy of Life, 1941)",72182,democritus,38590,0.6465
Miki Kiyoshi / 三木清,"人生論ノート (Notes on the Philosophy of Life, 1941)",72182,derrida,81463,0.6497
Miki Kiyoshi / 三木清,"人生論ノート (Notes on the Philosophy of Life, 1941)",72182,descartes,147007,0.6658
Miki Kiyoshi / 三木清,"人生論ノート (Notes on the Philosophy of Life, 1941)",72182,desgabets,57875,0.7036
Miki Kiyoshi / 三木清,"人生論ノート (Notes on the Philosophy of Life, 1941)",72182,dewey,123491,0.7242
Miki Kiyoshi / 三木清,"人生論ノート (Notes on the Philosophy of Life, 1941)",72182,dharmakiirti,107124,0.6042
Miki Kiyoshi / 三木清,"人生論ノート (Notes on the Philosophy of Life, 1941)",72182,diderot,123943,0.6777
Miki Kiyoshi / 三木清,"人生論ノート (Notes on the Philosophy of Life, 1941)",72182,dietrich-freiberg,79253,0.612
Miki Kiyoshi / 三木清,"人生論ノート (Notes on the Philosophy of Life, 1941)",72182,dilthey,85569,0.7893
Miki Kiyoshi / 三木清,"人生論ノート (Notes on the Philosophy of Life, 1941)",72182,diodorus-cronus,71397,0.6059
Miki Kiyoshi / 三木清,"人生論ノート (Notes on the Philosophy of Life, 1941)",72182,du-bos,38393,0.6086
Miki Kiyoshi / 三木清,"人生論ノート (Notes on the Philosophy of Life, 1941)",72182,dubois,114539,0.5686
Miki Kiyoshi / 三木清,"人生論ノート (Notes on the Philosophy of Life, 1941)",72182,duhem,71923,0.5385
Miki Kiyoshi / 三木清,"人生論ノート (Notes on the Philosophy of Life, 1941)",72182,duns-scotus,66213,0.7058
Miki Kiyoshi / 三木清,"人生論ノート (Notes on the Philosophy of Life, 1941)",72182,edwards,55086,0.7227
Miki Kiyoshi / 三木清,"人生論ノート (Notes on the Philosophy of Life, 1941)",72182,ehrenfels,75699,0.6154
Miki Kiyoshi / 三木清,"人生論ノート (Notes on the Philosophy of Life, 1941)",72182,elias,12636,0.5107
Miki Kiyoshi / 三木清,"人生論ノート (Notes on the Philosophy of Life, 1941)",72182,elisabeth-bohemia,38634,0.497
Miki Kiyoshi / 三木清,"人生論ノート (Notes on the Philosophy of Life, 1941)",72182,emerson,51322,0.6872
Miki Kiyoshi / 三木清,"人生論ノート (Notes on the Philosophy of Life, 1941)",72182,emilie-du-chatelet,87477,0.6381
Miki Kiyoshi / 三木清,"人生論ノート (Notes on the Philosophy of Life, 1941)",72182,emily-elizabeth-constance-jones,75474,0.6098
Miki Kiyoshi / 三木清,"人生論ノート (Notes on the Philosophy of Life, 1941)",72182,empedocles,77299,0.6709
Miki Kiyoshi / 三木清,"人生論ノート (Notes on the Philosophy of Life, 1941)",72182,epictetus,42904,0.7048
Miki Kiyoshi / 三木清,"人生論ノート (Notes on the Philosophy of Life, 1941)",72182,epicurus,70774,0.7211
Miki Kiyoshi / 三木清,"人生論ノート (Notes on the Philosophy of Life, 1941)",72182,erasmus,72477,0.5887
Miki Kiyoshi / 三木清,"人生論ノート (Notes on the Philosophy of Life, 1941)",72182,erfurt,32262,0.5534
Miki Kiyoshi / 三木清,"人生論ノート (Notes on the Philosophy of Life, 1941)",72182,ernst-mach,76311,0.645
Miki Kiyoshi / 三木清,"人生論ノート (Notes on the Philosophy of Life, 1941)",72182,falaquera,51748,0.4681
Miki Kiyoshi / 三木清,"人生論ノート (Notes on the Philosophy of Life, 1941)",72182,fechner,75075,0.6501
Miki Kiyoshi / 三木清,"人生論ノート (Notes on the Philosophy of Life, 1941)",72182,feigl,66068,0.6539
Miki Kiyoshi / 三木清,"人生論ノート (Notes on the Philosophy of Life, 1941)",72182,feyerabend,167393,0.5721
Miki Kiyoshi / 三木清,"人生論ノート (Notes on the Philosophy of Life, 1941)",72182,ficino,59497,0.5146
Miki Kiyoshi / 三木清,"人生論ノート (Notes on the Philosophy of Life, 1941)",72182,findlay,87164,0.7292
Miki Kiyoshi / 三木清,"人生論ノート (Notes on the Philosophy of Life, 1941)",72182,fitzralph,44938,0.6129
Miki Kiyoshi / 三木清,"人生論ノート (Notes on the Philosophy of Life, 1941)",72182,fleck,85865,0.6761
Miki Kiyoshi / 三木清,"人生論ノート (Notes on the Philosophy of Life, 1941)",72182,foucault,71347,0.6703
Miki Kiyoshi / 三木清,"人生論ノート (Notes on the Philosophy of Life, 1941)",72182,francis-bacon,98798,0.5573
Miki Kiyoshi / 三木清,"人生論ノート (Notes on the Philosophy of Life, 1941)",72182,francis-marchia,59118,0.5075
Miki Kiyoshi / 三木清,"人生論ノート (Notes on the Philosophy of Life, 1941)",72182,francisco-sanches,90776,0.6243
Miki Kiyoshi / 三木清,"人生論ノート (Notes on the Philosophy of Life, 1941)",72182,francois-barre,83603,0.6386
Miki Kiyoshi / 三木清,"人生論ノート (Notes on the Philosophy of Life, 1941)",72182,frantz-fanon,61216,0.5009
Miki Kiyoshi / 三木清,"人生論ノート (Notes on the Philosophy of Life, 1941)",72182,frederick-douglass,86476,0.4446
Miki Kiyoshi / 三木清,"人生論ノート (Notes on the Philosophy of Life, 1941)",72182,frege,117516,0.4625
Miki Kiyoshi / 三木清,"人生論ノート (Notes on the Philosophy of Life, 1941)",72182,friedrich-hayek,67758,0.5925
Miki Kiyoshi / 三木清,"人生論ノート (Notes on the Philosophy of Life, 1941)",72182,friedrich-jacobi,100953,0.5635
Miki Kiyoshi / 三木清,"人生論ノート (Notes on the Philosophy of Life, 1941)",72182,friedrich-lange,99637,0.6154
Miki Kiyoshi / 三木清,"人生論ノート (Notes on the Philosophy of Life, 1941)",72182,fuller-margaret,41898,0.4219
Miki Kiyoshi / 三木清,"人生論ノート (Notes on the Philosophy of Life, 1941)",72182,gadamer,64826,0.5798
Miki Kiyoshi / 三木清,"人生論ノート (Notes on the Philosophy of Life, 1941)",72182,galen,114333,0.6919
Miki Kiyoshi / 三木清,"人生論ノート (Notes on the Philosophy of Life, 1941)",72182,galileo,87896,0.4763
Miki Kiyoshi / 三木清,"人生論ノート (Notes on the Philosophy of Life, 1941)",72182,gangesa,114855,0.6133
Miki Kiyoshi / 三木清,"人生論ノート (Notes on the Philosophy of Life, 1941)",72182,gassendi,117622,0.603
Miki Kiyoshi / 三木清,"人生論ノート (Notes on the Philosophy of Life, 1941)",72182,gasset,181593,0.7599
Miki Kiyoshi / 三木清,"人生論ノート (Notes on the Philosophy of Life, 1941)",72182,gersonides,51191,0.5879
Miki Kiyoshi / 三木清,"人生論ノート (Notes on the Philosophy of Life, 1941)",72182,giles,56142,0.5066
Miki Kiyoshi / 三木清,"人生論ノート (Notes on the Philosophy of Life, 1941)",72182,godfrey,58449,0.6535
Miki Kiyoshi / 三木清,"人生論ノート (Notes on the Philosophy of Life, 1941)",72182,godwin,41518,0.6068
Miki Kiyoshi / 三木清,"人生論ノート (Notes on the Philosophy of Life, 1941)",72182,goedel,127795,0.4483
Miki Kiyoshi / 三木清,"人生論ノート (Notes on the Philosophy of Life, 1941)",72182,gomez-pereira,68999,0.7349
Miki Kiyoshi / 三木清,"人生論ノート (Notes on the Philosophy of Life, 1941)",72182,goodman,89248,0.5852
Miki Kiyoshi / 三木清,"人生論ノート (Notes on the Philosophy of Life, 1941)",72182,gorampa,40034,0.5788
Miki Kiyoshi / 三木清,"人生論ノート (Notes on the Philosophy of Life, 1941)",72182,gramsci,70157,0.4478
Miki Kiyoshi / 三木清,"人生論ノート (Notes on the Philosophy of Life, 1941)",72182,green,96989,0.6925
Miki Kiyoshi / 三木清,"人生論ノート (Notes on the Philosophy of Life, 1941)",72182,gregory-rimini,59498,0.5382
Miki Kiyoshi / 三木清,"人生論ノート (Notes on the Philosophy of Life, 1941)",72182,grice,60807,0.6344
Miki Kiyoshi / 三木清,"人生論ノート (Notes on the Philosophy of Life, 1941)",72182,grosseteste,95880,0.6083
Miki Kiyoshi / 三木清,"人生論ノート (Notes on the Philosophy of Life, 1941)",72182,grotius,68392,0.5669
Miki Kiyoshi / 三木清,"人生論ノート (Notes on the Philosophy of Life, 1941)",72182,habermas,210528,0.6479
Miki Kiyoshi / 三木清,"人生論ノート (Notes on the Philosophy of Life, 1941)",72182,halevi,90029,0.6595
Miki Kiyoshi / 三木清,"人生論ノート (Notes on the Philosophy of Life, 1941)",72182,hamann,62214,0.6624
Miki Kiyoshi / 三木清,"人生論ノート (Notes on the Philosophy of Life, 1941)",72182,hare,83633,0.7333
Miki Kiyoshi / 三木清,"人生論ノート (Notes on the Philosophy of Life, 1941)",72182,harriet-mill,51878,0.4379
Miki Kiyoshi / 三木清,"人生論ノート (Notes on the Philosophy of Life, 1941)",72182,hartley,87906,0.7226
Miki Kiyoshi / 三木清,"人生論ノート (Notes on the Philosophy of Life, 1941)",72182,hartshorne,76892,0.7296
Miki Kiyoshi / 三木清,"人生論ノート (Notes on the Philosophy of Life, 1941)",72182,hegel,150291,0.6809
Miki Kiyoshi / 三木清,"人生論ノート (Notes on the Philosophy of Life, 1941)",72182,heidegger,197896,0.6855
Miki Kiyoshi / 三木清,"人生論ノート (Notes on the Philosophy of Life, 1941)",72182,heinrich-rickert,108833,0.7427
Miki Kiyoshi / 三木清,"人生論ノート (Notes on the Philosophy of Life, 1941)",72182,hempel,112538,0.6096
Miki Kiyoshi / 三木清,"人生論ノート (Notes on the Philosophy of Life, 1941)",72182,henricus-regius,47479,0.629
Miki Kiyoshi / 三木清,"人生論ノート (Notes on the Philosophy of Life, 1941)",72182,henry-ghent,85659,0.7313
Miki Kiyoshi / 三木清,"人生論ノート (Notes on the Philosophy of Life, 1941)",72182,henry-more,122075,0.7102
Miki Kiyoshi / 三木清,"人生論ノート (Notes on the Philosophy of Life, 1941)",72182,heraclitus,44673,0.649
Miki Kiyoshi / 三木清,"人生論ノート (Notes on the Philosophy of Life, 1941)",72182,herder,168258,0.6722
Miki Kiyoshi / 三木清,"人生論ノート (Notes on the Philosophy of Life, 1941)",72182,hermann-helmholtz,98320,0.5221
Miki Kiyoshi / 三木清,"人生論ノート (Notes on the Philosophy of Life, 1941)",72182,hermann-lotze,99004,0.7565
Miki Kiyoshi / 三木清,"人生論ノート (Notes on the Philosophy of Life, 1941)",72182,heytesbury,85920,0.5556
Miki Kiyoshi / 三木清,"人生論ノート (Notes on the Philosophy of Life, 1941)",72182,hobbes,63819,0.5316
Miki Kiyoshi / 三木清,"人生論ノート (Notes on the Philosophy of Life, 1941)",72182,holbach,34477,0.6555
Miki Kiyoshi / 三木清,"人生論ノート (Notes on the Philosophy of Life, 1941)",72182,holkot,49096,0.6234
Miki Kiyoshi / 三木清,"人生論ノート (Notes on the Philosophy of Life, 1941)",72182,horkheimer,75665,0.6839
Miki Kiyoshi / 三木清,"人生論ノート (Notes on the Philosophy of Life, 1941)",72182,hume,129304,0.7489
Miki Kiyoshi / 三木清,"人生論ノート (Notes on the Philosophy of Life, 1941)",72182,husserl,152478,0.7527
Miki Kiyoshi / 三木清,"人生論ノート (Notes on the Philosophy of Life, 1941)",72182,hutcheson,74415,0.7839
Miki Kiyoshi / 三木清,"人生論ノート (Notes on the Philosophy of Life, 1941)",72182,iamblichus,107043,0.6165
Miki Kiyoshi / 三木清,"人生論ノート (Notes on the Philosophy of Life, 1941)",72182,ibn-arabi,89646,0.6037
Miki Kiyoshi / 三木清,"人生論ノート (Notes on the Philosophy of Life, 1941)",72182,ibn-bajja,117735,0.6102
Miki Kiyoshi / 三木清,"人生論ノート (Notes on the Philosophy of Life, 1941)",72182,ibn-ezra,68386,0.5462
Miki Kiyoshi / 三木清,"人生論ノート (Notes on the Philosophy of Life, 1941)",72182,ibn-gabirol,87218,0.5881
Miki Kiyoshi / 三木清,"人生論ノート (Notes on the Philosophy of Life, 1941)",72182,ibn-kammuna,58550,0.5901
Miki Kiyoshi / 三木清,"人生論ノート (Notes on the Philosophy of Life, 1941)",72182,ibn-rushd,137877,0.5478
Miki Kiyoshi / 三木清,"人生論ノート (Notes on the Philosophy of Life, 1941)",72182,ibn-sina,77240,0.6038
Miki Kiyoshi / 三木清,"人生論ノート (Notes on the Philosophy of Life, 1941)",72182,ingarden,52942,0.6519
Miki Kiyoshi / 三木清,"人生論ノート (Notes on the Philosophy of Life, 1941)",72182,israeli,47269,0.5107
Miki Kiyoshi / 三木清,"人生論ノート (Notes on the Philosophy of Life, 1941)",72182,james,54711,0.7194
Miki Kiyoshi / 三木清,"人生論ノート (Notes on the Philosophy of Life, 1941)",72182,james-mill,69501,0.5563
Miki Kiyoshi / 三木清,"人生論ノート (Notes on the Philosophy of Life, 1941)",72182,james-viterbo,80068,0.6931
Miki Kiyoshi / 三木清,"人生論ノート (Notes on the Philosophy of Life, 1941)",72182,james-ward,43653,0.7317
Miki Kiyoshi / 三木清,"人生論ノート (Notes on the Philosophy of Life, 1941)",72182,jaspers,78855,0.6339
Miki Kiyoshi / 三木清,"人生論ノート (Notes on the Philosophy of Life, 1941)",72182,jayaraasi,54565,0.5688
Miki Kiyoshi / 三木清,"人生論ノート (Notes on the Philosophy of Life, 1941)",72182,jefferson,103378,0.5332
Miki Kiyoshi / 三木清,"人生論ノート (Notes on the Philosophy of Life, 1941)",72182,joane-petrizi,31183,0.4793
Miki Kiyoshi / 三木清,"人生論ノート (Notes on the Philosophy of Life, 1941)",72182,johann-fichte,85456,0.6297
Miki Kiyoshi / 三木清,"人生論ノート (Notes on the Philosophy of Life, 1941)",72182,johann-herbart,145051,0.7564
Miki Kiyoshi / 三木清,"人生論ノート (Notes on the Philosophy of Life, 1941)",72182,johann-sturm,57886,0.6031
Miki Kiyoshi / 三木清,"人生論ノート (Notes on the Philosophy of Life, 1941)",72182,john-norris,59224,0.7031
Miki Kiyoshi / 三木清,"人生論ノート (Notes on the Philosophy of Life, 1941)",72182,john-salisbury,1878,0.4721
Miki Kiyoshi / 三木清,"人生論ノート (Notes on the Philosophy of Life, 1941)",72182,justus-lipsius,57626,0.5589
Miki Kiyoshi / 三木清,"人生論ノート (Notes on the Philosophy of Life, 1941)",72182,kant,148977,0.7717
Miki Kiyoshi / 三木清,"人生論ノート (Notes on the Philosophy of Life, 1941)",72182,karl-reinhold,71721,0.5559
Miki Kiyoshi / 三木清,"人生論ノート (Notes on the Philosophy of Life, 1941)",72182,kaspi-joseph,33382,0.5088
Miki Kiyoshi / 三木清,"人生論ノート (Notes on the Philosophy of Life, 1941)",72182,kepler,80866,0.3706
Miki Kiyoshi / 三木清,"人生論ノート (Notes on the Philosophy of Life, 1941)",72182,kierkegaard,119676,0.6609
Miki Kiyoshi / 三木清,"人生論ノート (Notes on the Philosophy of Life, 1941)",72182,kilvington,69161,0.6265
Miki Kiyoshi / 三木清,"人生論ノート (Notes on the Philosophy of Life, 1941)",72182,kukai,117555,0.4931
Miki Kiyoshi / 三木清,"人生論ノート (Notes on the Philosophy of Life, 1941)",72182,kumaarila,103698,0.5631
Miki Kiyoshi / 三木清,"人生論ノート (Notes on the Philosophy of Life, 1941)",72182,la-forge,48296,0.6798
Miki Kiyoshi / 三木清,"人生論ノート (Notes on the Philosophy of Life, 1941)",72182,lacan,91125,0.6178
Miki Kiyoshi / 三木清,"人生論ノート (Notes on the Philosophy of Life, 1941)",72182,lady-masham,22883,0.527
Miki Kiyoshi / 三木清,"人生論ノート (Notes on the Philosophy of Life, 1941)",72182,lakatos,123681,0.5805
Miki Kiyoshi / 三木清,"人生論ノート (Notes on the Philosophy of Life, 1941)",72182,lambert-auxerre,31294,0.3943
Miki Kiyoshi / 三木清,"人生論ノート (Notes on the Philosophy of Life, 1941)",72182,laozi,117361,0.443
Miki Kiyoshi / 三木清,"人生論ノート (Notes on the Philosophy of Life, 1941)",72182,lefevre-etaples,88711,0.5248
Miki Kiyoshi / 三木清,"人生論ノート (Notes on the Philosophy of Life, 1941)",72182,legrand,35143,0.683
Miki Kiyoshi / 三木清,"人生論ノート (Notes on the Philosophy of Life, 1941)",72182,leibniz,118441,0.7025
Miki Kiyoshi / 三木清,"人生論ノート (Notes on the Philosophy of Life, 1941)",72182,leibowitz-yeshayahu,100330,0.6221
Miki Kiyoshi / 三木清,"人生論ノート (Notes on the Philosophy of Life, 1941)",72182,lesniewski,100489,0.4906
Miki Kiyoshi / 三木清,"人生論ノート (Notes on the Philosophy of Life, 1941)",72182,leucippus,10237,0.5152
Miki Kiyoshi / 三木清,"人生論ノート (Notes on the Philosophy of Life, 1941)",72182,levinas,205903,0.6956
Miki Kiyoshi / 三木清,"人生論ノート (Notes on the Philosophy of Life, 1941)",72182,lewis-ci,137094,0.6893
Miki Kiyoshi / 三木清,"人生論ノート (Notes on the Philosophy of Life, 1941)",72182,llull,65388,0.6035
Miki Kiyoshi / 三木清,"人生論ノート (Notes on the Philosophy of Life, 1941)",72182,locke,151674,0.6684
Miki Kiyoshi / 三木清,"人生論ノート (Notes on the Philosophy of Life, 1941)",72182,lorenzo-valla,68150,0.6322
Miki Kiyoshi / 三木清,"人生論ノート (Notes on the Philosophy of Life, 1941)",72182,lucretius,93987,0.6143
Miki Kiyoshi / 三木清,"人生論ノート (Notes on the Philosophy of Life, 1941)",72182,lucrezia-marinella,75942,0.6048
Miki Kiyoshi / 三木清,"人生論ノート (Notes on the Philosophy of Life, 1941)",72182,ludwig-feuerbach,117272,0.7442
Miki Kiyoshi / 三木清,"人生論ノート (Notes on the Philosophy of Life, 1941)",72182,lukacs,84944,0.6939
Miki Kiyoshi / 三木清,"人生論ノート (Notes on the Philosophy of Life, 1941)",72182,lukasiewicz,83393,0.484
Miki Kiyoshi / 三木清,"人生論ノート (Notes on the Philosophy of Life, 1941)",72182,luther,118515,0.5563
Miki Kiyoshi / 三木清,"人生論ノート (Notes on the Philosophy of Life, 1941)",72182,luxemburg,73718,0.4303
Miki Kiyoshi / 三木清,"人生論ノート (Notes on the Philosophy of Life, 1941)",72182,lyotard,65083,0.6774
Miki Kiyoshi / 三木清,"人生論ノート (Notes on the Philosophy of Life, 1941)",72182,machiavelli,66259,0.5264
Miki Kiyoshi / 三木清,"人生論ノート (Notes on the Philosophy of Life, 1941)",72182,madeleine-scudery,59378,0.6962
Miki Kiyoshi / 三木清,"人生論ノート (Notes on the Philosophy of Life, 1941)",72182,maimon,76867,0.6781
Miki Kiyoshi / 三木清,"人生論ノート (Notes on the Philosophy of Life, 1941)",72182,maimonides,61859,0.7444
Miki Kiyoshi / 三木清,"人生論ノート (Notes on the Philosophy of Life, 1941)",72182,maimonides-islamic,149107,0.7079
Miki Kiyoshi / 三木清,"人生論ノート (Notes on the Philosophy of Life, 1941)",72182,malebranche,65124,0.644
Miki Kiyoshi / 三木清,"人生論ノート (Notes on the Philosophy of Life, 1941)",72182,mally,67597,0.6634
Miki Kiyoshi / 三木清,"人生論ノート (Notes on the Philosophy of Life, 1941)",72182,marcel,80460,0.8252
Miki Kiyoshi / 三木清,"人生論ノート (Notes on the Philosophy of Life, 1941)",72182,marcus-aurelius,52698,0.76
Miki Kiyoshi / 三木清,"人生論ノート (Notes on the Philosophy of Life, 1941)",72182,marcuse,85792,0.6575
Miki Kiyoshi / 三木清,"人生論ノート (Notes on the Philosophy of Life, 1941)",72182,margaret-cavendish,155591,0.7386
Miki Kiyoshi / 三木清,"人生論ノート (Notes on the Philosophy of Life, 1941)",72182,margaret-fell,66751,0.4908
Miki Kiyoshi / 三木清,"人生論ノート (Notes on the Philosophy of Life, 1941)",72182,maritain,110854,0.6692
Miki Kiyoshi / 三木清,"人生論ノート (Notes on the Philosophy of Life, 1941)",72182,marsilius-inghen,39243,0.6124
Miki Kiyoshi / 三木清,"人生論ノート (Notes on the Philosophy of Life, 1941)",72182,marty,80853,0.5951
Miki Kiyoshi / 三木清,"人生論ノート (Notes on the Philosophy of Life, 1941)",72182,marx,109131,0.6393
Miki Kiyoshi / 三木清,"人生論ノート (Notes on the Philosophy of Life, 1941)",72182,mary-shepherd,62884,0.7081
Miki Kiyoshi / 三木清,"人生論ノート (Notes on the Philosophy of Life, 1941)",72182,max-stirner,56436,0.6874
Miki Kiyoshi / 三木清,"人生論ノート (Notes on the Philosophy of Life, 1941)",72182,mctaggart,66771,0.6488
Miki Kiyoshi / 三木清,"人生論ノート (Notes on the Philosophy of Life, 1941)",72182,mead,71936,0.7069
Miki Kiyoshi / 三木清,"人生論ノート (Notes on the Philosophy of Life, 1941)",72182,meinong,139971,0.6866
Miki Kiyoshi / 三木清,"人生論ノート (Notes on the Philosophy of Life, 1941)",72182,meister-eckhart,109470,0.6947
Miki Kiyoshi / 三木清,"人生論ノート (Notes on the Philosophy of Life, 1941)",72182,mencius,69127,0.6997
Miki Kiyoshi / 三木清,"人生論ノート (Notes on the Philosophy of Life, 1941)",72182,mendelssohn,82159,0.7189
Miki Kiyoshi / 三木清,"人生論ノート (Notes on the Philosophy of Life, 1941)",72182,merleau-ponty,103995,0.7293
Miki Kiyoshi / 三木清,"人生論ノート (Notes on the Philosophy of Life, 1941)",72182,mersenne,88368,0.6348
Miki Kiyoshi / 三木清,"人生論ノート (Notes on the Philosophy of Life, 1941)",72182,michel-henry,67455,0.7418
Miki Kiyoshi / 三木清,"人生論ノート (Notes on the Philosophy of Life, 1941)",72182,mill,116650,0.7425
Miki Kiyoshi / 三木清,"人生論ノート (Notes on the Philosophy of Life, 1941)",72182,montaigne,48621,0.6283
Miki Kiyoshi / 三木清,"人生論ノート (Notes on the Philosophy of Life, 1941)",72182,montesquieu,51662,0.5922
Miki Kiyoshi / 三木清,"人生論ノート (Notes on the Philosophy of Life, 1941)",72182,moore,56230,0.6649
Miki Kiyoshi / 三木清,"人生論ノート (Notes on the Philosophy of Life, 1941)",72182,mulla-sadra,116952,0.714
Miki Kiyoshi / 三木清,"人生論ノート (Notes on the Philosophy of Life, 1941)",72182,murdoch,103932,0.6946
Miki Kiyoshi / 三木清,"人生論ノート (Notes on the Philosophy of Life, 1941)",72182,nagarjuna,90278,0.7605
Miki Kiyoshi / 三木清,"人生論ノート (Notes on the Philosophy of Life, 1941)",72182,natorp,91653,0.628
Miki Kiyoshi / 三木清,"人生論ノート (Notes on the Philosophy of Life, 1941)",72182,newton,41696,0.439
Miki Kiyoshi / 三木清,"人生論ノート (Notes on the Philosophy of Life, 1941)",72182,nicolai-hartmann,106622,0.6955
Miki Kiyoshi / 三木清,"人生論ノート (Notes on the Philosophy of Life, 1941)",72182,nicole-oresme,43962,0.4546
Miki Kiyoshi / 三木清,"人生論ノート (Notes on the Philosophy of Life, 1941)",72182,nietzsche,155475,0.7185
Miki Kiyoshi / 三木清,"人生論ノート (Notes on the Philosophy of Life, 1941)",72182,nishida-kitaro,125671,0.6625
Miki Kiyoshi / 三木清,"人生論ノート (Notes on the Philosophy of Life, 1941)",72182,novalis,66132,0.6571
Miki Kiyoshi / 三木清,"人生論ノート (Notes on the Philosophy of Life, 1941)",72182,nozick-political,113594,0.637
Miki Kiyoshi / 三木清,"人生論ノート (Notes on the Philosophy of Life, 1941)",72182,numenius,82271,0.5941
Miki Kiyoshi / 三木清,"人生論ノート (Notes on the Philosophy of Life, 1941)",72182,oakeshott,61423,0.6797
Miki Kiyoshi / 三木清,"人生論ノート (Notes on the Philosophy of Life, 1941)",72182,ockham,96308,0.6383
Miki Kiyoshi / 三木清,"人生論ノート (Notes on the Philosophy of Life, 1941)",72182,olivi,102678,0.777
Miki Kiyoshi / 三木清,"人生論ノート (Notes on the Philosophy of Life, 1941)",72182,olympiodorus,32296,0.562
Miki Kiyoshi / 三木清,"人生論ノート (Notes on the Philosophy of Life, 1941)",72182,origen,71130,0.6112
Miki Kiyoshi / 三木清,"人生論ノート (Notes on the Philosophy of Life, 1941)",72182,paine,57196,0.5137
Miki Kiyoshi / 三木清,"人生論ノート (Notes on the Philosophy of Life, 1941)",72182,parmenides,103160,0.6409
Miki Kiyoshi / 三木清,"人生論ノート (Notes on the Philosophy of Life, 1941)",72182,pascal,57239,0.6265
Miki Kiyoshi / 三木清,"人生論ノート (Notes on the Philosophy of Life, 1941)",72182,patrizi,50425,0.4976
Miki Kiyoshi / 三木清,"人生論ノート (Notes on the Philosophy of Life, 1941)",72182,paul-venice,94097,0.7295
Miki Kiyoshi / 三木清,"人生論ノート (Notes on the Philosophy of Life, 1941)",72182,peirce,116115,0.5837
Miki Kiyoshi / 三木清,"人生論ノート (Notes on the Philosophy of Life, 1941)",72182,peirce-benjamin,13541,0.428
Miki Kiyoshi / 三木清,"人生論ノート (Notes on the Philosophy of Life, 1941)",72182,penbygull,21640,0.6691
Miki Kiyoshi / 三木清,"人生論ノート (Notes on the Philosophy of Life, 1941)",72182,peter-damian,41882,0.562
Miki Kiyoshi / 三木清,"人生論ノート (Notes on the Philosophy of Life, 1941)",72182,peter-spain,42361,0.5813
Miki Kiyoshi / 三木清,"人生論ノート (Notes on the Philosophy of Life, 1941)",72182,philip-chancellor,43687,0.6422
Miki Kiyoshi / 三木清,"人生論ノート (Notes on the Philosophy of Life, 1941)",72182,philippa-foot,73201,0.7541
Miki Kiyoshi / 三木清,"人生論ノート (Notes on the Philosophy of Life, 1941)",72182,philo,122474,0.6405
Miki Kiyoshi / 三木清,"人生論ノート (Notes on the Philosophy of Life, 1941)",72182,philo-larissa,70351,0.6091
Miki Kiyoshi / 三木清,"人生論ノート (Notes on the Philosophy of Life, 1941)",72182,philodemus,110712,0.5958
Miki Kiyoshi / 三木清,"人生論ノート (Notes on the Philosophy of Life, 1941)",72182,philolaus,108781,0.5198
Miki Kiyoshi / 三木清,"人生論ノート (Notes on the Philosophy of Life, 1941)",72182,philoponus,54181,0.5808
Miki Kiyoshi / 三木清,"人生論ノート (Notes on the Philosophy of Life, 1941)",72182,pico-della-mirandola,66744,0.5052
Miki Kiyoshi / 三木清,"人生論ノート (Notes on the Philosophy of Life, 1941)",72182,plato,71433,0.5973
Miki Kiyoshi / 三木清,"人生論ノート (Notes on the Philosophy of Life, 1941)",72182,plotinus,95350,0.7222
Miki Kiyoshi / 三木清,"人生論ノート (Notes on the Philosophy of Life, 1941)",72182,plutarch,114257,0.6585
Miki Kiyoshi / 三木清,"人生論ノート (Notes on the Philosophy of Life, 1941)",72182,poincare,103220,0.5355
Miki Kiyoshi / 三木清,"人生論ノート (Notes on the Philosophy of Life, 1941)",72182,polqar,58613,0.6021
Miki Kiyoshi / 三木清,"人生論ノート (Notes on the Philosophy of Life, 1941)",72182,pomponazzi,66395,0.6534
Miki Kiyoshi / 三木清,"人生論ノート (Notes on the Philosophy of Life, 1941)",72182,popper,91522,0.6644
Miki Kiyoshi / 三木清,"人生論ノート (Notes on the Philosophy of Life, 1941)",72182,porphyry,45207,0.6037
Miki Kiyoshi / 三木清,"人生論ノート (Notes on the Philosophy of Life, 1941)",72182,prichard,52049,0.7323
Miki Kiyoshi / 三木清,"人生論ノート (Notes on the Philosophy of Life, 1941)",72182,prior,129545,0.5163
Miki Kiyoshi / 三木清,"人生論ノート (Notes on the Philosophy of Life, 1941)",72182,proclus,123276,0.6049
Miki Kiyoshi / 三木清,"人生論ノート (Notes on the Philosophy of Life, 1941)",72182,protagoras,77250,0.6819
Miki Kiyoshi / 三木清,"人生論ノート (Notes on the Philosophy of Life, 1941)",72182,pseudo-dionysius-areopagite,75315,0.6041
Miki Kiyoshi / 三木清,"人生論ノート (Notes on the Philosophy of Life, 1941)",72182,pyrrho,57471,0.683
Miki Kiyoshi / 三木清,"人生論ノート (Notes on the Philosophy of Life, 1941)",72182,pythagoras,118648,0.4815
Miki Kiyoshi / 三木清,"人生論ノート (Notes on the Philosophy of Life, 1941)",72182,quine,105292,0.6459
Miki Kiyoshi / 三木清,"人生論ノート (Notes on the Philosophy of Life, 1941)",72182,radulphus-brito,64884,0.6934
Miki Kiyoshi / 三木清,"人生論ノート (Notes on the Philosophy of Life, 1941)",72182,ramsey,157347,0.5428
Miki Kiyoshi / 三木清,"人生論ノート (Notes on the Philosophy of Life, 1941)",72182,ramus,91673,0.5104
Miki Kiyoshi / 三木清,"人生論ノート (Notes on the Philosophy of Life, 1941)",72182,rawls,105810,0.5577
Miki Kiyoshi / 三木清,"人生論ノート (Notes on the Philosophy of Life, 1941)",72182,reichenbach,136039,0.5091
Miki Kiyoshi / 三木清,"人生論ノート (Notes on the Philosophy of Life, 1941)",72182,reid,181211,0.7497
Miki Kiyoshi / 三木清,"人生論ノート (Notes on the Philosophy of Life, 1941)",72182,reinach,41703,0.735
Miki Kiyoshi / 三木清,"人生論ノート (Notes on the Philosophy of Life, 1941)",72182,richard-price,96378,0.7503
Miki Kiyoshi / 三木清,"人生論ノート (Notes on the Philosophy of Life, 1941)",72182,ricoeur,56670,0.7174
Miki Kiyoshi / 三木清,"人生論ノート (Notes on the Philosophy of Life, 1941)",72182,robert-kilwardby,148886,0.7028
Miki Kiyoshi / 三木清,"人生論ノート (Notes on the Philosophy of Life, 1941)",72182,roger-bacon,146776,0.5693
Miki Kiyoshi / 三木清,"人生論ノート (Notes on the Philosophy of Life, 1941)",72182,rorty,71793,0.646
Miki Kiyoshi / 三木清,"人生論ノート (Notes on the Philosophy of Life, 1941)",72182,rosenstock-huessy,97123,0.7182
Miki Kiyoshi / 三木清,"人生論ノート (Notes on the Philosophy of Life, 1941)",72182,rosenzweig,96984,0.6091
Miki Kiyoshi / 三木清,"人生論ノート (Notes on the Philosophy of Life, 1941)",72182,rousseau,67496,0.6403
Miki Kiyoshi / 三木清,"人生論ノート (Notes on the Philosophy of Life, 1941)",72182,royce,98956,0.6674
Miki Kiyoshi / 三木清,"人生論ノート (Notes on the Philosophy of Life, 1941)",72182,russell,132015,0.6089
Miki Kiyoshi / 三木清,"人生論ノート (Notes on the Philosophy of Life, 1941)",72182,ryle,105532,0.7371
Miki Kiyoshi / 三木清,"人生論ノート (Notes on the Philosophy of Life, 1941)",72182,saadya,49838,0.5754
Miki Kiyoshi / 三木清,"人生論ノート (Notes on the Philosophy of Life, 1941)",72182,saantarak-sita,55734,0.6145
Miki Kiyoshi / 三木清,"人生論ノート (Notes on the Philosophy of Life, 1941)",72182,sakya-pandita,61059,0.5349
Miki Kiyoshi / 三木清,"人生論ノート (Notes on the Philosophy of Life, 1941)",72182,santayana,74763,0.6552
Miki Kiyoshi / 三木清,"人生論ノート (Notes on the Philosophy of Life, 1941)",72182,sartre,101754,0.703
Miki Kiyoshi / 三木清,"人生論ノート (Notes on the Philosophy of Life, 1941)",72182,scheler,95052,0.7796
Miki Kiyoshi / 三木清,"人生論ノート (Notes on the Philosophy of Life, 1941)",72182,schelling,95712,0.7284
Miki Kiyoshi / 三木清,"人生論ノート (Notes on the Philosophy of Life, 1941)",72182,schiller,83194,0.7833
Miki Kiyoshi / 三木清,"人生論ノート (Notes on the Philosophy of Life, 1941)",72182,schlegel,29105,0.5112
Miki Kiyoshi / 三木清,"人生論ノート (Notes on the Philosophy of Life, 1941)",72182,schlegel-aw,92971,0.5356
Miki Kiyoshi / 三木清,"人生論ノート (Notes on the Philosophy of Life, 1941)",72182,schleiermacher,144331,0.6179
Miki Kiyoshi / 三木清,"人生論ノート (Notes on the Philosophy of Life, 1941)",72182,schlick,112805,0.5902
Miki Kiyoshi / 三木清,"人生論ノート (Notes on the Philosophy of Life, 1941)",72182,schmitt,89721,0.5014
Miki Kiyoshi / 三木清,"人生論ノート (Notes on the Philosophy of Life, 1941)",72182,scholem,60788,0.4295
Miki Kiyoshi / 三木清,"人生論ノート (Notes on the Philosophy of Life, 1941)",72182,scholz,27919,0.3523
Miki Kiyoshi / 三木清,"人生論ノート (Notes on the Philosophy of Life, 1941)",72182,schopenhauer,83036,0.7369
Miki Kiyoshi / 三木清,"人生論ノート (Notes on the Philosophy of Life, 1941)",72182,schutz,80445,0.6383
Miki Kiyoshi / 三木清,"人生論ノート (Notes on the Philosophy of Life, 1941)",72182,scottus-eriugena,94103,0.6313
Miki Kiyoshi / 三木清,"人生論ノート (Notes on the Philosophy of Life, 1941)",72182,sellars,117210,0.6981
Miki Kiyoshi / 三木清,"人生論ノート (Notes on the Philosophy of Life, 1941)",72182,seneca,105936,0.6918
Miki Kiyoshi / 三木清,"人生論ノート (Notes on the Philosophy of Life, 1941)",72182,sextus-empiricus,109548,0.6516
Miki Kiyoshi / 三木清,"人生論ノート (Notes on the Philosophy of Life, 1941)",72182,shaftesbury,2192,0.5319
Miki Kiyoshi / 三木清,"人生論ノート (Notes on the Philosophy of Life, 1941)",72182,shankara,89230,0.7306
Miki Kiyoshi / 三木清,"人生論ノート (Notes on the Philosophy of Life, 1941)",72182,shantideva,72337,0.6969
Miki Kiyoshi / 三木清,"人生論ノート (Notes on the Philosophy of Life, 1941)",72182,sharpe,50729,0.6777
Miki Kiyoshi / 三木清,"人生論ノート (Notes on the Philosophy of Life, 1941)",72182,sidgwick,176811,0.7172
Miki Kiyoshi / 三木清,"人生論ノート (Notes on the Philosophy of Life, 1941)",72182,sidney-hook,110797,0.6264
Miki Kiyoshi / 三木清,"人生論ノート (Notes on the Philosophy of Life, 1941)",72182,simon-faversham,45088,0.7162
Miki Kiyoshi / 三木清,"人生論ノート (Notes on the Philosophy of Life, 1941)",72182,simone-weil,78561,0.7008
Miki Kiyoshi / 三木清,"人生論ノート (Notes on the Philosophy of Life, 1941)",72182,simplicius,96839,0.52
Miki Kiyoshi / 三木清,"人生論ノート (Notes on the Philosophy of Life, 1941)",72182,socrates,88031,0.549
Miki Kiyoshi / 三木清,"人生論ノート (Notes on the Philosophy of Life, 1941)",72182,sophie-de-grouchy,55009,0.5753
Miki Kiyoshi / 三木清,"人生論ノート (Notes on the Philosophy of Life, 1941)",72182,spencer,56620,0.6267
Miki Kiyoshi / 三木清,"人生論ノート (Notes on the Philosophy of Life, 1941)",72182,speusippus,60321,0.5993
Miki Kiyoshi / 三木清,"人生論ノート (Notes on the Philosophy of Life, 1941)",72182,spinoza,91786,0.8195
Miki Kiyoshi / 三木清,"人生論ノート (Notes on the Philosophy of Life, 1941)",72182,sriharsa,104242,0.6724
Miki Kiyoshi / 三木清,"人生論ノート (Notes on the Philosophy of Life, 1941)",72182,stebbing,55346,0.5671
Miki Kiyoshi / 三木清,"人生論ノート (Notes on the Philosophy of Life, 1941)",72182,stein,145387,0.7621
Miki Kiyoshi / 三木清,"人生論ノート (Notes on the Philosophy of Life, 1941)",72182,stevenson,85779,0.7077
Miki Kiyoshi / 三木清,"人生論ノート (Notes on the Philosophy of Life, 1941)",72182,strauss-leo,64850,0.5867
Miki Kiyoshi / 三木清,"人生論ノート (Notes on the Philosophy of Life, 1941)",72182,strawson,72046,0.6312
Miki Kiyoshi / 三木清,"人生論ノート (Notes on the Philosophy of Life, 1941)",72182,stumpf,112239,0.5786
Miki Kiyoshi / 三木清,"人生論ノート (Notes on the Philosophy of Life, 1941)",72182,suarez,125433,0.7055
Miki Kiyoshi / 三木清,"人生論ノート (Notes on the Philosophy of Life, 1941)",72182,suhrawardi,108375,0.571
Miki Kiyoshi / 三木清,"人生論ノート (Notes on the Philosophy of Life, 1941)",72182,susman-margarete,76293,0.6726
Miki Kiyoshi / 三木清,"人生論ノート (Notes on the Philosophy of Life, 1941)",72182,sylvan-routley,115072,0.6541
Miki Kiyoshi / 三木清,"人生論ノート (Notes on the Philosophy of Life, 1941)",72182,syrianus,97154,0.5424
Miki Kiyoshi / 三木清,"人生論ノート (Notes on the Philosophy of Life, 1941)",72182,tarski,86038,0.5003
Miki Kiyoshi / 三木清,"人生論ノート (Notes on the Philosophy of Life, 1941)",72182,taurellus,51823,0.7143
Miki Kiyoshi / 三木清,"人生論ノート (Notes on the Philosophy of Life, 1941)",72182,telesio,40426,0.6065
Miki Kiyoshi / 三木清,"人生論ノート (Notes on the Philosophy of Life, 1941)",72182,theophrastus,91516,0.5979
Miki Kiyoshi / 三木清,"人生論ノート (Notes on the Philosophy of Life, 1941)",72182,thomas-kuhn,95209,0.5965
Miki Kiyoshi / 三木清,"人生論ノート (Notes on the Philosophy of Life, 1941)",72182,thomas-more,75732,0.6167
Miki Kiyoshi / 三木清,"人生論ノート (Notes on the Philosophy of Life, 1941)",72182,thoreau,43886,0.7405
Miki Kiyoshi / 三木清,"人生論ノート (Notes on the Philosophy of Life, 1941)",72182,tibbon,63044,0.4679
Miki Kiyoshi / 三木清,"人生論ノート (Notes on the Philosophy of Life, 1941)",72182,timon-phlius,30753,0.5507
Miki Kiyoshi / 三木清,"人生論ノート (Notes on the Philosophy of Life, 1941)",72182,tsongkhapa,82475,0.4465
Miki Kiyoshi / 三木清,"人生論ノート (Notes on the Philosophy of Life, 1941)",72182,turing,70634,0.4829
Miki Kiyoshi / 三木清,"人生論ノート (Notes on the Philosophy of Life, 1941)",72182,twardowski,79479,0.6144
Miki Kiyoshi / 三木清,"人生論ノート (Notes on the Philosophy of Life, 1941)",72182,umar-khayyam,94432,0.571
Miki Kiyoshi / 三木清,"人生論ノート (Notes on the Philosophy of Life, 1941)",72182,vaihinger,64311,0.6905
Miki Kiyoshi / 三木清,"人生論ノート (Notes on the Philosophy of Life, 1941)",72182,vasubandhu,116641,0.7155
Miki Kiyoshi / 三木清,"人生論ノート (Notes on the Philosophy of Life, 1941)",72182,vico,42337,0.5947
Miki Kiyoshi / 三木清,"人生論ノート (Notes on the Philosophy of Life, 1941)",72182,vives,43013,0.6382
Miki Kiyoshi / 三木清,"人生論ノート (Notes on the Philosophy of Life, 1941)",72182,voltaire,87195,0.5149
Miki Kiyoshi / 三木清,"人生論ノート (Notes on the Philosophy of Life, 1941)",72182,walter-chatton,110366,0.6964
Miki Kiyoshi / 三木清,"人生論ノート (Notes on the Philosophy of Life, 1941)",72182,wang-yangming,49779,0.6846
Miki Kiyoshi / 三木清,"人生論ノート (Notes on the Philosophy of Life, 1941)",72182,watsuji-tetsuro,70157,0.6698
Miki Kiyoshi / 三木清,"人生論ノート (Notes on the Philosophy of Life, 1941)",72182,weber,88898,0.6517
Miki Kiyoshi / 三木清,"人生論ノート (Notes on the Philosophy of Life, 1941)",72182,wesley-salmon,102457,0.511
Miki Kiyoshi / 三木清,"人生論ノート (Notes on the Philosophy of Life, 1941)",72182,weyl,344677,0.4762
Miki Kiyoshi / 三木清,"人生論ノート (Notes on the Philosophy of Life, 1941)",72182,whewell,60215,0.591
Miki Kiyoshi / 三木清,"人生論ノート (Notes on the Philosophy of Life, 1941)",72182,whitehead,126351,0.6503
Miki Kiyoshi / 三木清,"人生論ノート (Notes on the Philosophy of Life, 1941)",72182,wilhelm-humboldt,101176,0.4292
Miki Kiyoshi / 三木清,"人生論ノート (Notes on the Philosophy of Life, 1941)",72182,wilhelm-windelband,71324,0.6828
Miki Kiyoshi / 三木清,"人生論ノート (Notes on the Philosophy of Life, 1941)",72182,wilhelm-wundt,83520,0.6854
Miki Kiyoshi / 三木清,"人生論ノート (Notes on the Philosophy of Life, 1941)",72182,william-auvergne,87618,0.6944
Miki Kiyoshi / 三木清,"人生論ノート (Notes on the Philosophy of Life, 1941)",72182,william-champeaux,51368,0.641
Miki Kiyoshi / 三木清,"人生論ノート (Notes on the Philosophy of Life, 1941)",72182,william-david-ross,120186,0.6669
Miki Kiyoshi / 三木清,"人生論ノート (Notes on the Philosophy of Life, 1941)",72182,william-jevons,38920,0.6242
Miki Kiyoshi / 三木清,"人生論ノート (Notes on the Philosophy of Life, 1941)",72182,william-sherwood,33278,0.444
Miki Kiyoshi / 三木清,"人生論ノート (Notes on the Philosophy of Life, 1941)",72182,williams-bernard,97259,0.7299
Miki Kiyoshi / 三木清,"人生論ノート (Notes on the Philosophy of Life, 1941)",72182,williams-dc,56136,0.6373
Miki Kiyoshi / 三木清,"人生論ノート (Notes on the Philosophy of Life, 1941)",72182,wilson,127113,0.6789
Miki Kiyoshi / 三木清,"人生論ノート (Notes on the Philosophy of Life, 1941)",72182,wittgenstein,85691,0.6104
Miki Kiyoshi / 三木清,"人生論ノート (Notes on the Philosophy of Life, 1941)",72182,wodeham,77994,0.6135
Miki Kiyoshi / 三木清,"人生論ノート (Notes on the Philosophy of Life, 1941)",72182,wolff-christian,125458,0.6753
Miki Kiyoshi / 三木清,"人生論ノート (Notes on the Philosophy of Life, 1941)",72182,wollstonecraft,66138,0.5169
Miki Kiyoshi / 三木清,"人生論ノート (Notes on the Philosophy of Life, 1941)",72182,wright,50233,0.6944
Miki Kiyoshi / 三木清,"人生論ノート (Notes on the Philosophy of Life, 1941)",72182,wyclif,131895,0.6926
Miki Kiyoshi / 三木清,"人生論ノート (Notes on the Philosophy of Life, 1941)",72182,xenocrates,42984,0.5676
Miki Kiyoshi / 三木清,"人生論ノート (Notes on the Philosophy of Life, 1941)",72182,xenophanes,37845,0.578
Miki Kiyoshi / 三木清,"人生論ノート (Notes on the Philosophy of Life, 1941)",72182,xunzi,52292,0.6382
Miki Kiyoshi / 三木清,"人生論ノート (Notes on the Philosophy of Life, 1941)",72182,yorck,55210,0.6962
Miki Kiyoshi / 三木清,"人生論ノート (Notes on the Philosophy of Life, 1941)",72182,zabarella,55317,0.6194
Miki Kiyoshi / 三木清,"人生論ノート (Notes on the Philosophy of Life, 1941)",72182,zeno-elea,66712,0.5616
Miki Kiyoshi / 三木清,"人生論ノート (Notes on the Philosophy of Life, 1941)",72182,zhu-xi,111196,0.5739
Miki Kiyoshi / 三木清,"人生論ノート (Notes on the Philosophy of Life, 1941)",72182,zhuangzi,132308,0.6399
Miki Kiyoshi / 三木清,"哲学入門 (Introduction to Philosophy, 1940)",110996,abelard,89142,0.7358
Miki Kiyoshi / 三木清,"哲学入門 (Introduction to Philosophy, 1940)",110996,abner-burgos,38237,0.5245
Miki Kiyoshi / 三木清,"哲学入門 (Introduction to Philosophy, 1940)",110996,abrabanel,57531,0.6197
Miki Kiyoshi / 三木清,"哲学入門 (Introduction to Philosophy, 1940)",110996,abraham-daud,60460,0.5721
Miki Kiyoshi / 三木清,"哲学入門 (Introduction to Philosophy, 1940)",110996,abu-bakr-al-razi,47989,0.5371
Miki Kiyoshi / 三木清,"哲学入門 (Introduction to Philosophy, 1940)",110996,addams-jane,73923,0.4948
Miki Kiyoshi / 三木清,"哲学入門 (Introduction to Philosophy, 1940)",110996,adorno,129793,0.683
Miki Kiyoshi / 三木清,"哲学入門 (Introduction to Philosophy, 1940)",110996,agrippa-nettesheim,75671,0.6185
Miki Kiyoshi / 三木清,"哲学入門 (Introduction to Philosophy, 1940)",110996,al-baghdadi,83713,0.5588
Miki Kiyoshi / 三木清,"哲学入門 (Introduction to Philosophy, 1940)",110996,al-din-al-razi,83443,0.6271
Miki Kiyoshi / 三木清,"哲学入門 (Introduction to Philosophy, 1940)",110996,al-farabi,47405,0.4386
Miki Kiyoshi / 三木清,"哲学入門 (Introduction to Philosophy, 1940)",110996,al-ghazali,101966,0.5098
Miki Kiyoshi / 三木清,"哲学入門 (Introduction to Philosophy, 1940)",110996,al-kindi,58692,0.6227
Miki Kiyoshi / 三木清,"哲学入門 (Introduction to Philosophy, 1940)",110996,alain-locke,96958,0.6632
Miki Kiyoshi / 三木清,"哲学入門 (Introduction to Philosophy, 1940)",110996,albalag,82100,0.6982
Miki Kiyoshi / 三木清,"哲学入門 (Introduction to Philosophy, 1940)",110996,albert-great,74990,0.7048
Miki Kiyoshi / 三木清,"哲学入門 (Introduction to Philosophy, 1940)",110996,albert-saxony,35992,0.5606
Miki Kiyoshi / 三木清,"哲学入門 (Introduction to Philosophy, 1940)",110996,albo-joseph,47544,0.5095
Miki Kiyoshi / 三木清,"哲学入門 (Introduction to Philosophy, 1940)",110996,alcmaeon,58082,0.5543
Miki Kiyoshi / 三木清,"哲学入門 (Introduction to Philosophy, 1940)",110996,alexander,52520,0.652
Miki Kiyoshi / 三木清,"哲学入門 (Introduction to Philosophy, 1940)",110996,alexander-aphrodisias,74028,0.6305
Miki Kiyoshi / 三木清,"哲学入門 (Introduction to Philosophy, 1940)",110996,alexander-crummell,74136,0.6673
Miki Kiyoshi / 三木清,"哲学入門 (Introduction to Philosophy, 1940)",110996,alexander-humboldt,88302,0.5121
Miki Kiyoshi / 三木清,"哲学入門 (Introduction to Philosophy, 1940)",110996,althusser,94704,0.5948
Miki Kiyoshi / 三木清,"哲学入門 (Introduction to Philosophy, 1940)",110996,alyngton,60766,0.7437
Miki Kiyoshi / 三木清,"哲学入門 (Introduction to Philosophy, 1940)",110996,ammonius,88404,0.5436
Miki Kiyoshi / 三木清,"哲学入門 (Introduction to Philosophy, 1940)",110996,anaxagoras,71165,0.6274
Miki Kiyoshi / 三木清,"哲学入門 (Introduction to Philosophy, 1940)",110996,anderson-john,88384,0.7358
Miki Kiyoshi / 三木清,"哲学入門 (Introduction to Philosophy, 1940)",110996,anna-julia-cooper,99707,0.4247
Miki Kiyoshi / 三木清,"哲学入門 (Introduction to Philosophy, 1940)",110996,anscombe,66048,0.7474
Miki Kiyoshi / 三木清,"哲学入門 (Introduction to Philosophy, 1940)",110996,anselm,44248,0.7229
Miki Kiyoshi / 三木清,"哲学入門 (Introduction to Philosophy, 1940)",110996,antiochus-ascalon,34903,0.6459
Miki Kiyoshi / 三木清,"哲学入門 (Introduction to Philosophy, 1940)",110996,antonio-rosmini,57060,0.8419
Miki Kiyoshi / 三木清,"哲学入門 (Introduction to Philosophy, 1940)",110996,aquinas,116371,0.7027
Miki Kiyoshi / 三木清,"哲学入門 (Introduction to Philosophy, 1940)",110996,arcesilaus,69050,0.6376
Miki Kiyoshi / 三木清,"哲学入門 (Introduction to Philosophy, 1940)",110996,archytas,108213,0.4996
Miki Kiyoshi / 三木清,"哲学入門 (Introduction to Philosophy, 1940)",110996,arendt,97091,0.7372
Miki Kiyoshi / 三木清,"哲学入門 (Introduction to Philosophy, 1940)",110996,aristotle,145744,0.7674
Miki Kiyoshi / 三木清,"哲学入門 (Introduction to Philosophy, 1940)",110996,arnauld,130687,0.6856
Miki Kiyoshi / 三木清,"哲学入門 (Introduction to Philosophy, 1940)",110996,astell,83883,0.7486
Miki Kiyoshi / 三木清,"哲学入門 (Introduction to Philosophy, 1940)",110996,august-rehberg,56341,0.573
Miki Kiyoshi / 三木清,"哲学入門 (Introduction to Philosophy, 1940)",110996,augustine,189535,0.6686
Miki Kiyoshi / 三木清,"哲学入門 (Introduction to Philosophy, 1940)",110996,auriol,63037,0.7037
Miki Kiyoshi / 三木清,"哲学入門 (Introduction to Philosophy, 1940)",110996,austin-jl,133014,0.7038
Miki Kiyoshi / 三木清,"哲学入門 (Introduction to Philosophy, 1940)",110996,austin-john,35237,0.4916
Miki Kiyoshi / 三木清,"哲学入門 (Introduction to Philosophy, 1940)",110996,autrecourt,32240,0.5277
Miki Kiyoshi / 三木清,"哲学入門 (Introduction to Philosophy, 1940)",110996,ayer,83888,0.6849
Miki Kiyoshi / 三木清,"哲学入門 (Introduction to Philosophy, 1940)",110996,ayn-rand,108332,0.6854
Miki Kiyoshi / 三木清,"哲学入門 (Introduction to Philosophy, 1940)",110996,baudrillard,92850,0.6281
Miki Kiyoshi / 三木清,"哲学入門 (Introduction to Philosophy, 1940)",110996,bauer,65261,0.5407
Miki Kiyoshi / 三木清,"哲学入門 (Introduction to Philosophy, 1940)",110996,bayle,71814,0.5263
Miki Kiyoshi / 三木清,"哲学入門 (Introduction to Philosophy, 1940)",110996,beauvoir,130158,0.5343
Miki Kiyoshi / 三木清,"哲学入門 (Introduction to Philosophy, 1940)",110996,benjamin,132946,0.6103
Miki Kiyoshi / 三木清,"哲学入門 (Introduction to Philosophy, 1940)",110996,bentham,119009,0.5294
Miki Kiyoshi / 三木清,"哲学入門 (Introduction to Philosophy, 1940)",110996,bergson,75781,0.6942
Miki Kiyoshi / 三木清,"哲学入門 (Introduction to Philosophy, 1940)",110996,berkeley,66222,0.7696
Miki Kiyoshi / 三木清,"哲学入門 (Introduction to Philosophy, 1940)",110996,berlin,129531,0.6782
Miki Kiyoshi / 三木清,"哲学入門 (Introduction to Philosophy, 1940)",110996,bessarion,40178,0.3746
Miki Kiyoshi / 三木清,"哲学入門 (Introduction to Philosophy, 1940)",110996,bloch,70253,0.6197
Miki Kiyoshi / 三木清,"哲学入門 (Introduction to Philosophy, 1940)",110996,bodin,124284,0.3638
Miki Kiyoshi / 三木清,"哲学入門 (Introduction to Philosophy, 1940)",110996,boethius,62682,0.6766
Miki Kiyoshi / 三木清,"哲学入門 (Introduction to Philosophy, 1940)",110996,boethius-dacia,54051,0.6999
Miki Kiyoshi / 三木清,"哲学入門 (Introduction to Philosophy, 1940)",110996,bolzano,155132,0.6308
Miki Kiyoshi / 三木清,"哲学入門 (Introduction to Philosophy, 1940)",110996,bonaventure,109175,0.6862
Miki Kiyoshi / 三木清,"哲学入門 (Introduction to Philosophy, 1940)",110996,boole,88621,0.3848
Miki Kiyoshi / 三木清,"哲学入門 (Introduction to Philosophy, 1940)",110996,bosanquet,96950,0.6193
Miki Kiyoshi / 三木清,"哲学入門 (Introduction to Philosophy, 1940)",110996,boyle,111911,0.7352
Miki Kiyoshi / 三木清,"哲学入門 (Introduction to Philosophy, 1940)",110996,bradley,67270,0.7414
Miki Kiyoshi / 三木清,"哲学入門 (Introduction to Philosophy, 1940)",110996,brentano,87726,0.6752
Miki Kiyoshi / 三木清,"哲学入門 (Introduction to Philosophy, 1940)",110996,broad,78488,0.8222
Miki Kiyoshi / 三木清,"哲学入門 (Introduction to Philosophy, 1940)",110996,brouwer,44368,0.4486
Miki Kiyoshi / 三木清,"哲学入門 (Introduction to Philosophy, 1940)",110996,bruno,145683,0.6019
Miki Kiyoshi / 三木清,"哲学入門 (Introduction to Philosophy, 1940)",110996,buber,66928,0.5026
Miki Kiyoshi / 三木清,"哲学入門 (Introduction to Philosophy, 1940)",110996,buddha,50785,0.7284
Miki Kiyoshi / 三木清,"哲学入門 (Introduction to Philosophy, 1940)",110996,buridan,87906,0.7139
Miki Kiyoshi / 三木清,"哲学入門 (Introduction to Philosophy, 1940)",110996,burke,90308,0.608
Miki Kiyoshi / 三木清,"哲学入門 (Introduction to Philosophy, 1940)",110996,burley,115565,0.759
Miki Kiyoshi / 三木清,"哲学入門 (Introduction to Philosophy, 1940)",110996,campanella,82531,0.5986
Miki Kiyoshi / 三木清,"哲学入門 (Introduction to Philosophy, 1940)",110996,camus,80128,0.5872
Miki Kiyoshi / 三木清,"哲学入門 (Introduction to Philosophy, 1940)",110996,cardano,83556,0.7137
Miki Kiyoshi / 三木清,"哲学入門 (Introduction to Philosophy, 1940)",110996,carnap,210237,0.6029
Miki Kiyoshi / 三木清,"哲学入門 (Introduction to Philosophy, 1940)",110996,carneades,47385,0.6914
Miki Kiyoshi / 三木清,"哲学入門 (Introduction to Philosophy, 1940)",110996,cassirer,60498,0.7393
Miki Kiyoshi / 三木清,"哲学入門 (Introduction to Philosophy, 1940)",110996,catharine-macaulay,75941,0.5088
Miki Kiyoshi / 三木清,"哲学入門 (Introduction to Philosophy, 1940)",110996,chisholm,111067,0.7365
Miki Kiyoshi / 三木清,"哲学入門 (Introduction to Philosophy, 1940)",110996,church,149178,0.6282
Miki Kiyoshi / 三木清,"哲学入門 (Introduction to Philosophy, 1940)",110996,cicero,83024,0.6977
Miki Kiyoshi / 三木清,"哲学入門 (Introduction to Philosophy, 1940)",110996,clarke,92724,0.6642
Miki Kiyoshi / 三木清,"哲学入門 (Introduction to Philosophy, 1940)",110996,cockburn,21972,0.6343
Miki Kiyoshi / 三木清,"哲学入門 (Introduction to Philosophy, 1940)",110996,cohen,95490,0.6708
Miki Kiyoshi / 三木清,"哲学入門 (Introduction to Philosophy, 1940)",110996,collingwood,122058,0.7603
Miki Kiyoshi / 三木清,"哲学入門 (Introduction to Philosophy, 1940)",110996,collins,147634,0.6503
Miki Kiyoshi / 三木清,"哲学入門 (Introduction to Philosophy, 1940)",110996,comte,1828,0.4971
Miki Kiyoshi / 三木清,"哲学入門 (Introduction to Philosophy, 1940)",110996,condillac,96062,0.785
Miki Kiyoshi / 三木清,"哲学入門 (Introduction to Philosophy, 1940)",110996,confucius,73300,0.5563
Miki Kiyoshi / 三木清,"哲学入門 (Introduction to Philosophy, 1940)",110996,consequence-medieval,87811,0.6509
Miki Kiyoshi / 三木清,"哲学入門 (Introduction to Philosophy, 1940)",110996,conway,27816,0.6347
Miki Kiyoshi / 三木清,"哲学入門 (Introduction to Philosophy, 1940)",110996,copernicus,47058,0.3682
Miki Kiyoshi / 三木清,"哲学入門 (Introduction to Philosophy, 1940)",110996,cordemoy,24863,0.7186
Miki Kiyoshi / 三木清,"哲学入門 (Introduction to Philosophy, 1940)",110996,crathorn,24237,0.6866
Miki Kiyoshi / 三木清,"哲学入門 (Introduction to Philosophy, 1940)",110996,crescas,61149,0.5445
Miki Kiyoshi / 三木清,"哲学入門 (Introduction to Philosophy, 1940)",110996,cudworth,48093,0.6826
Miki Kiyoshi / 三木清,"哲学入門 (Introduction to Philosophy, 1940)",110996,cusanus,100566,0.7252
Miki Kiyoshi / 三木清,"哲学入門 (Introduction to Philosophy, 1940)",110996,dante,110390,0.5871
Miki Kiyoshi / 三木清,"哲学入門 (Introduction to Philosophy, 1940)",110996,david,12440,0.5064
Miki Kiyoshi / 三木清,"哲学入門 (Introduction to Philosophy, 1940)",110996,david-lewis,158492,0.718
Miki Kiyoshi / 三木清,"哲学入門 (Introduction to Philosophy, 1940)",110996,davidson,86963,0.73
Miki Kiyoshi / 三木清,"哲学入門 (Introduction to Philosophy, 1940)",110996,deleuze,120638,0.7093
Miki Kiyoshi / 三木清,"哲学入門 (Introduction to Philosophy, 1940)",110996,della-porta,83319,0.4623
Miki Kiyoshi / 三木清,"哲学入門 (Introduction to Philosophy, 1940)",110996,delmedigo,38766,0.5062
Miki Kiyoshi / 三木清,"哲学入門 (Introduction to Philosophy, 1940)",110996,democritus,38590,0.6687
Miki Kiyoshi / 三木清,"哲学入門 (Introduction to Philosophy, 1940)",110996,derrida,81463,0.6072
Miki Kiyoshi / 三木清,"哲学入門 (Introduction to Philosophy, 1940)",110996,descartes,147007,0.7016
Miki Kiyoshi / 三木清,"哲学入門 (Introduction to Philosophy, 1940)",110996,desgabets,57875,0.75
Miki Kiyoshi / 三木清,"哲学入門 (Introduction to Philosophy, 1940)",110996,dewey,123491,0.7625
Miki Kiyoshi / 三木清,"哲学入門 (Introduction to Philosophy, 1940)",110996,dharmakiirti,107124,0.632
Miki Kiyoshi / 三木清,"哲学入門 (Introduction to Philosophy, 1940)",110996,diderot,123943,0.6688
Miki Kiyoshi / 三木清,"哲学入門 (Introduction to Philosophy, 1940)",110996,dietrich-freiberg,79253,0.6569
Miki Kiyoshi / 三木清,"哲学入門 (Introduction to Philosophy, 1940)",110996,dilthey,85569,0.8184
Miki Kiyoshi / 三木清,"哲学入門 (Introduction to Philosophy, 1940)",110996,diodorus-cronus,71397,0.6168
Miki Kiyoshi / 三木清,"哲学入門 (Introduction to Philosophy, 1940)",110996,du-bos,38393,0.5763
Miki Kiyoshi / 三木清,"哲学入門 (Introduction to Philosophy, 1940)",110996,dubois,114539,0.5666
Miki Kiyoshi / 三木清,"哲学入門 (Introduction to Philosophy, 1940)",110996,duhem,71923,0.5732
Miki Kiyoshi / 三木清,"哲学入門 (Introduction to Philosophy, 1940)",110996,duns-scotus,66213,0.7253
Miki Kiyoshi / 三木清,"哲学入門 (Introduction to Philosophy, 1940)",110996,edwards,55086,0.7217
Miki Kiyoshi / 三木清,"哲学入門 (Introduction to Philosophy, 1940)",110996,ehrenfels,75699,0.608
Miki Kiyoshi / 三木清,"哲学入門 (Introduction to Philosophy, 1940)",110996,elias,12636,0.4984
Miki Kiyoshi / 三木清,"哲学入門 (Introduction to Philosophy, 1940)",110996,elisabeth-bohemia,38634,0.494
Miki Kiyoshi / 三木清,"哲学入門 (Introduction to Philosophy, 1940)",110996,emerson,51322,0.6201
Miki Kiyoshi / 三木清,"哲学入門 (Introduction to Philosophy, 1940)",110996,emilie-du-chatelet,87477,0.7033
Miki Kiyoshi / 三木清,"哲学入門 (Introduction to Philosophy, 1940)",110996,emily-elizabeth-constance-jones,75474,0.6669
Miki Kiyoshi / 三木清,"哲学入門 (Introduction to Philosophy, 1940)",110996,empedocles,77299,0.6171
Miki Kiyoshi / 三木清,"哲学入門 (Introduction to Philosophy, 1940)",110996,epictetus,42904,0.696
Miki Kiyoshi / 三木清,"哲学入門 (Introduction to Philosophy, 1940)",110996,epicurus,70774,0.6954
Miki Kiyoshi / 三木清,"哲学入門 (Introduction to Philosophy, 1940)",110996,erasmus,72477,0.5433
Miki Kiyoshi / 三木清,"哲学入門 (Introduction to Philosophy, 1940)",110996,erfurt,32262,0.5911
Miki Kiyoshi / 三木清,"哲学入門 (Introduction to Philosophy, 1940)",110996,ernst-mach,76311,0.694
Miki Kiyoshi / 三木清,"哲学入門 (Introduction to Philosophy, 1940)",110996,falaquera,51748,0.4519
Miki Kiyoshi / 三木清,"哲学入門 (Introduction to Philosophy, 1940)",110996,fechner,75075,0.6726
Miki Kiyoshi / 三木清,"哲学入門 (Introduction to Philosophy, 1940)",110996,feigl,66068,0.7054
Miki Kiyoshi / 三木清,"哲学入門 (Introduction to Philosophy, 1940)",110996,feyerabend,167393,0.6032
Miki Kiyoshi / 三木清,"哲学入門 (Introduction to Philosophy, 1940)",110996,ficino,59497,0.481
Miki Kiyoshi / 三木清,"哲学入門 (Introduction to Philosophy, 1940)",110996,findlay,87164,0.7219
Miki Kiyoshi / 三木清,"哲学入門 (Introduction to Philosophy, 1940)",110996,fitzralph,44938,0.586
Miki Kiyoshi / 三木清,"哲学入門 (Introduction to Philosophy, 1940)",110996,fleck,85865,0.721
Miki Kiyoshi / 三木清,"哲学入門 (Introduction to Philosophy, 1940)",110996,foucault,71347,0.708
Miki Kiyoshi / 三木清,"哲学入門 (Introduction to Philosophy, 1940)",110996,francis-bacon,98798,0.577
Miki Kiyoshi / 三木清,"哲学入門 (Introduction to Philosophy, 1940)",110996,francis-marchia,59118,0.4975
Miki Kiyoshi / 三木清,"哲学入門 (Introduction to Philosophy, 1940)",110996,francisco-sanches,90776,0.6177
Miki Kiyoshi / 三木清,"哲学入門 (Introduction to Philosophy, 1940)",110996,francois-barre,83603,0.6199
Miki Kiyoshi / 三木清,"哲学入門 (Introduction to Philosophy, 1940)",110996,frantz-fanon,61216,0.4248
Miki Kiyoshi / 三木清,"哲学入門 (Introduction to Philosophy, 1940)",110996,frederick-douglass,86476,0.4069
Miki Kiyoshi / 三木清,"哲学入門 (Introduction to Philosophy, 1940)",110996,frege,117516,0.5694
Miki Kiyoshi / 三木清,"哲学入門 (Introduction to Philosophy, 1940)",110996,friedrich-hayek,67758,0.5995
Miki Kiyoshi / 三木清,"哲学入門 (Introduction to Philosophy, 1940)",110996,friedrich-jacobi,100953,0.5829
Miki Kiyoshi / 三木清,"哲学入門 (Introduction to Philosophy, 1940)",110996,friedrich-lange,99637,0.6454
Miki Kiyoshi / 三木清,"哲学入門 (Introduction to Philosophy, 1940)",110996,fuller-margaret,41898,0.3532
Miki Kiyoshi / 三木清,"哲学入門 (Introduction to Philosophy, 1940)",110996,gadamer,64826,0.6305
Miki Kiyoshi / 三木清,"哲学入門 (Introduction to Philosophy, 1940)",110996,galen,114333,0.7293
Miki Kiyoshi / 三木清,"哲学入門 (Introduction to Philosophy, 1940)",110996,galileo,87896,0.5183
Miki Kiyoshi / 三木清,"哲学入門 (Introduction to Philosophy, 1940)",110996,gangesa,114855,0.6763
Miki Kiyoshi / 三木清,"哲学入門 (Introduction to Philosophy, 1940)",110996,gassendi,117622,0.6554
Miki Kiyoshi / 三木清,"哲学入門 (Introduction to Philosophy, 1940)",110996,gasset,181593,0.7603
Miki Kiyoshi / 三木清,"哲学入門 (Introduction to Philosophy, 1940)",110996,gersonides,51191,0.6111
Miki Kiyoshi / 三木清,"哲学入門 (Introduction to Philosophy, 1940)",110996,giles,56142,0.5097
Miki Kiyoshi / 三木清,"哲学入門 (Introduction to Philosophy, 1940)",110996,godfrey,58449,0.6784
Miki Kiyoshi / 三木清,"哲学入門 (Introduction to Philosophy, 1940)",110996,godwin,41518,0.5583
Miki Kiyoshi / 三木清,"哲学入門 (Introduction to Philosophy, 1940)",110996,goedel,127795,0.5232
Miki Kiyoshi / 三木清,"哲学入門 (Introduction to Philosophy, 1940)",110996,gomez-pereira,68999,0.742
Miki Kiyoshi / 三木清,"哲学入門 (Introduction to Philosophy, 1940)",110996,goodman,89248,0.6658
Miki Kiyoshi / 三木清,"哲学入門 (Introduction to Philosophy, 1940)",110996,gorampa,40034,0.5985
Miki Kiyoshi / 三木清,"哲学入門 (Introduction to Philosophy, 1940)",110996,gramsci,70157,0.4221
Miki Kiyoshi / 三木清,"哲学入門 (Introduction to Philosophy, 1940)",110996,green,96989,0.7209
Miki Kiyoshi / 三木清,"哲学入門 (Introduction to Philosophy, 1940)",110996,gregory-rimini,59498,0.5494
Miki Kiyoshi / 三木清,"哲学入門 (Introduction to Philosophy, 1940)",110996,grice,60807,0.7063
Miki Kiyoshi / 三木清,"哲学入門 (Introduction to Philosophy, 1940)",110996,grosseteste,95880,0.6297
Miki Kiyoshi / 三木清,"哲学入門 (Introduction to Philosophy, 1940)",110996,grotius,68392,0.585
Miki Kiyoshi / 三木清,"哲学入門 (Introduction to Philosophy, 1940)",110996,habermas,210528,0.6872
Miki Kiyoshi / 三木清,"哲学入門 (Introduction to Philosophy, 1940)",110996,halevi,90029,0.6488
Miki Kiyoshi / 三木清,"哲学入門 (Introduction to Philosophy, 1940)",110996,hamann,62214,0.6581
Miki Kiyoshi / 三木清,"哲学入門 (Introduction to Philosophy, 1940)",110996,hare,83633,0.7242
Miki Kiyoshi / 三木清,"哲学入門 (Introduction to Philosophy, 1940)",110996,harriet-mill,51878,0.4162
Miki Kiyoshi / 三木清,"哲学入門 (Introduction to Philosophy, 1940)",110996,hartley,87906,0.7184
Miki Kiyoshi / 三木清,"哲学入門 (Introduction to Philosophy, 1940)",110996,hartshorne,76892,0.7371
Miki Kiyoshi / 三木清,"哲学入門 (Introduction to Philosophy, 1940)",110996,hegel,150291,0.7305
Miki Kiyoshi / 三木清,"哲学入門 (Introduction to Philosophy, 1940)",110996,heidegger,197896,0.7232
Miki Kiyoshi / 三木清,"哲学入門 (Introduction to Philosophy, 1940)",110996,heinrich-rickert,108833,0.8161
Miki Kiyoshi / 三木清,"哲学入門 (Introduction to Philosophy, 1940)",110996,hempel,112538,0.6812
Miki Kiyoshi / 三木清,"哲学入門 (Introduction to Philosophy, 1940)",110996,henricus-regius,47479,0.6467
Miki Kiyoshi / 三木清,"哲学入門 (Introduction to Philosophy, 1940)",110996,henry-ghent,85659,0.7702
Miki Kiyoshi / 三木清,"哲学入門 (Introduction to Philosophy, 1940)",110996,henry-more,122075,0.6813
Miki Kiyoshi / 三木清,"哲学入門 (Introduction to Philosophy, 1940)",110996,heraclitus,44673,0.6619
Miki Kiyoshi / 三木清,"哲学入門 (Introduction to Philosophy, 1940)",110996,herder,168258,0.6906
Miki Kiyoshi / 三木清,"哲学入門 (Introduction to Philosophy, 1940)",110996,hermann-helmholtz,98320,0.5849
Miki Kiyoshi / 三木清,"哲学入門 (Introduction to Philosophy, 1940)",110996,hermann-lotze,99004,0.7827
Miki Kiyoshi / 三木清,"哲学入門 (Introduction to Philosophy, 1940)",110996,heytesbury,85920,0.5944
Miki Kiyoshi / 三木清,"哲学入門 (Introduction to Philosophy, 1940)",110996,hobbes,63819,0.5666
Miki Kiyoshi / 三木清,"哲学入門 (Introduction to Philosophy, 1940)",110996,holbach,34477,0.6528
Miki Kiyoshi / 三木清,"哲学入門 (Introduction to Philosophy, 1940)",110996,holkot,49096,0.637
Miki Kiyoshi / 三木清,"哲学入門 (Introduction to Philosophy, 1940)",110996,horkheimer,75665,0.6858
Miki Kiyoshi / 三木清,"哲学入門 (Introduction to Philosophy, 1940)",110996,hume,129304,0.7546
Miki Kiyoshi / 三木清,"哲学入門 (Introduction to Philosophy, 1940)",110996,husserl,152478,0.7735
Miki Kiyoshi / 三木清,"哲学入門 (Introduction to Philosophy, 1940)",110996,hutcheson,74415,0.759
Miki Kiyoshi / 三木清,"哲学入門 (Introduction to Philosophy, 1940)",110996,iamblichus,107043,0.6169
Miki Kiyoshi / 三木清,"哲学入門 (Introduction to Philosophy, 1940)",110996,ibn-arabi,89646,0.6182
Miki Kiyoshi / 三木清,"哲学入門 (Introduction to Philosophy, 1940)",110996,ibn-bajja,117735,0.6313
Miki Kiyoshi / 三木清,"哲学入門 (Introduction to Philosophy, 1940)",110996,ibn-ezra,68386,0.5281
Miki Kiyoshi / 三木清,"哲学入門 (Introduction to Philosophy, 1940)",110996,ibn-gabirol,87218,0.5898
Miki Kiyoshi / 三木清,"哲学入門 (Introduction to Philosophy, 1940)",110996,ibn-kammuna,58550,0.5661
Miki Kiyoshi / 三木清,"哲学入門 (Introduction to Philosophy, 1940)",110996,ibn-rushd,137877,0.5364
Miki Kiyoshi / 三木清,"哲学入門 (Introduction to Philosophy, 1940)",110996,ibn-sina,77240,0.6211
Miki Kiyoshi / 三木清,"哲学入門 (Introduction to Philosophy, 1940)",110996,ingarden,52942,0.7072
Miki Kiyoshi / 三木清,"哲学入門 (Introduction to Philosophy, 1940)",110996,israeli,47269,0.4995
Miki Kiyoshi / 三木清,"哲学入門 (Introduction to Philosophy, 1940)",110996,james,54711,0.6914
Miki Kiyoshi / 三木清,"哲学入門 (Introduction to Philosophy, 1940)",110996,james-mill,69501,0.5324
Miki Kiyoshi / 三木清,"哲学入門 (Introduction to Philosophy, 1940)",110996,james-viterbo,80068,0.7026
Miki Kiyoshi / 三木清,"哲学入門 (Introduction to Philosophy, 1940)",110996,james-ward,43653,0.7532
Miki Kiyoshi / 三木清,"哲学入門 (Introduction to Philosophy, 1940)",110996,jaspers,78855,0.6349
Miki Kiyoshi / 三木清,"哲学入門 (Introduction to Philosophy, 1940)",110996,jayaraasi,54565,0.5816
Miki Kiyoshi / 三木清,"哲学入門 (Introduction to Philosophy, 1940)",110996,jefferson,103378,0.525
Miki Kiyoshi / 三木清,"哲学入門 (Introduction to Philosophy, 1940)",110996,joane-petrizi,31183,0.5001
Miki Kiyoshi / 三木清,"哲学入門 (Introduction to Philosophy, 1940)",110996,johann-fichte,85456,0.6524
Miki Kiyoshi / 三木清,"哲学入門 (Introduction to Philosophy, 1940)",110996,johann-herbart,145051,0.7883
Miki Kiyoshi / 三木清,"哲学入門 (Introduction to Philosophy, 1940)",110996,johann-sturm,57886,0.6229
Miki Kiyoshi / 三木清,"哲学入門 (Introduction to Philosophy, 1940)",110996,john-norris,59224,0.7241
Miki Kiyoshi / 三木清,"哲学入門 (Introduction to Philosophy, 1940)",110996,john-salisbury,1878,0.4554
Miki Kiyoshi / 三木清,"哲学入門 (Introduction to Philosophy, 1940)",110996,justus-lipsius,57626,0.517
Miki Kiyoshi / 三木清,"哲学入門 (Introduction to Philosophy, 1940)",110996,kant,148977,0.812
Miki Kiyoshi / 三木清,"哲学入門 (Introduction to Philosophy, 1940)",110996,karl-reinhold,71721,0.5836
Miki Kiyoshi / 三木清,"哲学入門 (Introduction to Philosophy, 1940)",110996,kaspi-joseph,33382,0.516
Miki Kiyoshi / 三木清,"哲学入門 (Introduction to Philosophy, 1940)",110996,kepler,80866,0.4308
Miki Kiyoshi / 三木清,"哲学入門 (Introduction to Philosophy, 1940)",110996,kierkegaard,119676,0.6116
Miki Kiyoshi / 三木清,"哲学入門 (Introduction to Philosophy, 1940)",110996,kilvington,69161,0.6515
Miki Kiyoshi / 三木清,"哲学入門 (Introduction to Philosophy, 1940)",110996,kukai,117555,0.5037
Miki Kiyoshi / 三木清,"哲学入門 (Introduction to Philosophy, 1940)",110996,kumaarila,103698,0.5962
Miki Kiyoshi / 三木清,"哲学入門 (Introduction to Philosophy, 1940)",110996,la-forge,48296,0.6999
Miki Kiyoshi / 三木清,"哲学入門 (Introduction to Philosophy, 1940)",110996,lacan,91125,0.5978
Miki Kiyoshi / 三木清,"哲学入門 (Introduction to Philosophy, 1940)",110996,lady-masham,22883,0.4851
Miki Kiyoshi / 三木清,"哲学入門 (Introduction to Philosophy, 1940)",110996,lakatos,123681,0.5911
Miki Kiyoshi / 三木清,"哲学入門 (Introduction to Philosophy, 1940)",110996,lambert-auxerre,31294,0.4304
Miki Kiyoshi / 三木清,"哲学入門 (Introduction to Philosophy, 1940)",110996,laozi,117361,0.4422
Miki Kiyoshi / 三木清,"哲学入門 (Introduction to Philosophy, 1940)",110996,lefevre-etaples,88711,0.5529
Miki Kiyoshi / 三木清,"哲学入門 (Introduction to Philosophy, 1940)",110996,legrand,35143,0.7139
Miki Kiyoshi / 三木清,"哲学入門 (Introduction to Philosophy, 1940)",110996,leibniz,118441,0.7449
Miki Kiyoshi / 三木清,"哲学入門 (Introduction to Philosophy, 1940)",110996,leibowitz-yeshayahu,100330,0.6137
Miki Kiyoshi / 三木清,"哲学入門 (Introduction to Philosophy, 1940)",110996,lesniewski,100489,0.569
Miki Kiyoshi / 三木清,"哲学入門 (Introduction to Philosophy, 1940)",110996,leucippus,10237,0.5334
Miki Kiyoshi / 三木清,"哲学入門 (Introduction to Philosophy, 1940)",110996,levinas,205903,0.684
Miki Kiyoshi / 三木清,"哲学入門 (Introduction to Philosophy, 1940)",110996,lewis-ci,137094,0.7786
Miki Kiyoshi / 三木清,"哲学入門 (Introduction to Philosophy, 1940)",110996,llull,65388,0.6294
Miki Kiyoshi / 三木清,"哲学入門 (Introduction to Philosophy, 1940)",110996,locke,151674,0.6738
Miki Kiyoshi / 三木清,"哲学入門 (Introduction to Philosophy, 1940)",110996,lorenzo-valla,68150,0.6183
Miki Kiyoshi / 三木清,"哲学入門 (Introduction to Philosophy, 1940)",110996,lucretius,93987,0.5801
Miki Kiyoshi / 三木清,"哲学入門 (Introduction to Philosophy, 1940)",110996,lucrezia-marinella,75942,0.564
Miki Kiyoshi / 三木清,"哲学入門 (Introduction to Philosophy, 1940)",110996,ludwig-feuerbach,117272,0.7309
Miki Kiyoshi / 三木清,"哲学入門 (Introduction to Philosophy, 1940)",110996,lukacs,84944,0.6819
Miki Kiyoshi / 三木清,"哲学入門 (Introduction to Philosophy, 1940)",110996,lukasiewicz,83393,0.5388
Miki Kiyoshi / 三木清,"哲学入門 (Introduction to Philosophy, 1940)",110996,luther,118515,0.5229
Miki Kiyoshi / 三木清,"哲学入門 (Introduction to Philosophy, 1940)",110996,luxemburg,73718,0.3672
Miki Kiyoshi / 三木清,"哲学入門 (Introduction to Philosophy, 1940)",110996,lyotard,65083,0.648
Miki Kiyoshi / 三木清,"哲学入門 (Introduction to Philosophy, 1940)",110996,machiavelli,66259,0.4649
Miki Kiyoshi / 三木清,"哲学入門 (Introduction to Philosophy, 1940)",110996,madeleine-scudery,59378,0.6414
Miki Kiyoshi / 三木清,"哲学入門 (Introduction to Philosophy, 1940)",110996,maimon,76867,0.7035
Miki Kiyoshi / 三木清,"哲学入門 (Introduction to Philosophy, 1940)",110996,maimonides,61859,0.729
Miki Kiyoshi / 三木清,"哲学入門 (Introduction to Philosophy, 1940)",110996,maimonides-islamic,149107,0.7073
Miki Kiyoshi / 三木清,"哲学入門 (Introduction to Philosophy, 1940)",110996,malebranche,65124,0.6342
Miki Kiyoshi / 三木清,"哲学入門 (Introduction to Philosophy, 1940)",110996,mally,67597,0.7072
Miki Kiyoshi / 三木清,"哲学入門 (Introduction to Philosophy, 1940)",110996,marcel,80460,0.7781
Miki Kiyoshi / 三木清,"哲学入門 (Introduction to Philosophy, 1940)",110996,marcus-aurelius,52698,0.7212
Miki Kiyoshi / 三木清,"哲学入門 (Introduction to Philosophy, 1940)",110996,marcuse,85792,0.6214
Miki Kiyoshi / 三木清,"哲学入門 (Introduction to Philosophy, 1940)",110996,margaret-cavendish,155591,0.7418
Miki Kiyoshi / 三木清,"哲学入門 (Introduction to Philosophy, 1940)",110996,margaret-fell,66751,0.4444
Miki Kiyoshi / 三木清,"哲学入門 (Introduction to Philosophy, 1940)",110996,maritain,110854,0.6964
Miki Kiyoshi / 三木清,"哲学入門 (Introduction to Philosophy, 1940)",110996,marsilius-inghen,39243,0.6333
Miki Kiyoshi / 三木清,"哲学入門 (Introduction to Philosophy, 1940)",110996,marty,80853,0.641
Miki Kiyoshi / 三木清,"哲学入門 (Introduction to Philosophy, 1940)",110996,marx,109131,0.6261
Miki Kiyoshi / 三木清,"哲学入門 (Introduction to Philosophy, 1940)",110996,mary-shepherd,62884,0.7794
Miki Kiyoshi / 三木清,"哲学入門 (Introduction to Philosophy, 1940)",110996,max-stirner,56436,0.628
Miki Kiyoshi / 三木清,"哲学入門 (Introduction to Philosophy, 1940)",110996,mctaggart,66771,0.6874
Miki Kiyoshi / 三木清,"哲学入門 (Introduction to Philosophy, 1940)",110996,mead,71936,0.7309
Miki Kiyoshi / 三木清,"哲学入門 (Introduction to Philosophy, 1940)",110996,meinong,139971,0.7527
Miki Kiyoshi / 三木清,"哲学入門 (Introduction to Philosophy, 1940)",110996,meister-eckhart,109470,0.6807
Miki Kiyoshi / 三木清,"哲学入門 (Introduction to Philosophy, 1940)",110996,mencius,69127,0.6669
Miki Kiyoshi / 三木清,"哲学入門 (Introduction to Philosophy, 1940)",110996,mendelssohn,82159,0.7037
Miki Kiyoshi / 三木清,"哲学入門 (Introduction to Philosophy, 1940)",110996,merleau-ponty,103995,0.7525
Miki Kiyoshi / 三木清,"哲学入門 (Introduction to Philosophy, 1940)",110996,mersenne,88368,0.6424
Miki Kiyoshi / 三木清,"哲学入門 (Introduction to Philosophy, 1940)",110996,michel-henry,67455,0.7136
Miki Kiyoshi / 三木清,"哲学入門 (Introduction to Philosophy, 1940)",110996,mill,116650,0.7868
Miki Kiyoshi / 三木清,"哲学入門 (Introduction to Philosophy, 1940)",110996,montaigne,48621,0.5892
Miki Kiyoshi / 三木清,"哲学入門 (Introduction to Philosophy, 1940)",110996,montesquieu,51662,0.5269
Miki Kiyoshi / 三木清,"哲学入門 (Introduction to Philosophy, 1940)",110996,moore,56230,0.7292
Miki Kiyoshi / 三木清,"哲学入門 (Introduction to Philosophy, 1940)",110996,mulla-sadra,116952,0.7168
Miki Kiyoshi / 三木清,"哲学入門 (Introduction to Philosophy, 1940)",110996,murdoch,103932,0.6933
Miki Kiyoshi / 三木清,"哲学入門 (Introduction to Philosophy, 1940)",110996,nagarjuna,90278,0.8146
Miki Kiyoshi / 三木清,"哲学入門 (Introduction to Philosophy, 1940)",110996,natorp,91653,0.6917
Miki Kiyoshi / 三木清,"哲学入門 (Introduction to Philosophy, 1940)",110996,newton,41696,0.4324
Miki Kiyoshi / 三木清,"哲学入門 (Introduction to Philosophy, 1940)",110996,nicolai-hartmann,106622,0.7709
Miki Kiyoshi / 三木清,"哲学入門 (Introduction to Philosophy, 1940)",110996,nicole-oresme,43962,0.4603
Miki Kiyoshi / 三木清,"哲学入門 (Introduction to Philosophy, 1940)",110996,nietzsche,155475,0.6661
Miki Kiyoshi / 三木清,"哲学入門 (Introduction to Philosophy, 1940)",110996,nishida-kitaro,125671,0.671
Miki Kiyoshi / 三木清,"哲学入門 (Introduction to Philosophy, 1940)",110996,novalis,66132,0.6467
Miki Kiyoshi / 三木清,"哲学入門 (Introduction to Philosophy, 1940)",110996,nozick-political,113594,0.6361
Miki Kiyoshi / 三木清,"哲学入門 (Introduction to Philosophy, 1940)",110996,numenius,82271,0.5941
Miki Kiyoshi / 三木清,"哲学入門 (Introduction to Philosophy, 1940)",110996,oakeshott,61423,0.7703
Miki Kiyoshi / 三木清,"哲学入門 (Introduction to Philosophy, 1940)",110996,ockham,96308,0.69
Miki Kiyoshi / 三木清,"哲学入門 (Introduction to Philosophy, 1940)",110996,olivi,102678,0.8056
Miki Kiyoshi / 三木清,"哲学入門 (Introduction to Philosophy, 1940)",110996,olympiodorus,32296,0.5443
Miki Kiyoshi / 三木清,"哲学入門 (Introduction to Philosophy, 1940)",110996,origen,71130,0.5908
Miki Kiyoshi / 三木清,"哲学入門 (Introduction to Philosophy, 1940)",110996,paine,57196,0.45
Miki Kiyoshi / 三木清,"哲学入門 (Introduction to Philosophy, 1940)",110996,parmenides,103160,0.6495
Miki Kiyoshi / 三木清,"哲学入門 (Introduction to Philosophy, 1940)",110996,pascal,57239,0.6194
Miki Kiyoshi / 三木清,"哲学入門 (Introduction to Philosophy, 1940)",110996,patrizi,50425,0.4946
Miki Kiyoshi / 三木清,"哲学入門 (Introduction to Philosophy, 1940)",110996,paul-venice,94097,0.8057
Miki Kiyoshi / 三木清,"哲学入門 (Introduction to Philosophy, 1940)",110996,peirce,116115,0.6418
Miki Kiyoshi / 三木清,"哲学入門 (Introduction to Philosophy, 1940)",110996,peirce-benjamin,13541,0.4969
Miki Kiyoshi / 三木清,"哲学入門 (Introduction to Philosophy, 1940)",110996,penbygull,21640,0.7497
Miki Kiyoshi / 三木清,"哲学入門 (Introduction to Philosophy, 1940)",110996,peter-damian,41882,0.5326
Miki Kiyoshi / 三木清,"哲学入門 (Introduction to Philosophy, 1940)",110996,peter-spain,42361,0.632
Miki Kiyoshi / 三木清,"哲学入門 (Introduction to Philosophy, 1940)",110996,philip-chancellor,43687,0.64
Miki Kiyoshi / 三木清,"哲学入門 (Introduction to Philosophy, 1940)",110996,philippa-foot,73201,0.7332
Miki Kiyoshi / 三木清,"哲学入門 (Introduction to Philosophy, 1940)",110996,philo,122474,0.6196
Miki Kiyoshi / 三木清,"哲学入門 (Introduction to Philosophy, 1940)",110996,philo-larissa,70351,0.6103
Miki Kiyoshi / 三木清,"哲学入門 (Introduction to Philosophy, 1940)",110996,philodemus,110712,0.5564
Miki Kiyoshi / 三木清,"哲学入門 (Introduction to Philosophy, 1940)",110996,philolaus,108781,0.5332
Miki Kiyoshi / 三木清,"哲学入門 (Introduction to Philosophy, 1940)",110996,philoponus,54181,0.5911
Miki Kiyoshi / 三木清,"哲学入門 (Introduction to Philosophy, 1940)",110996,pico-della-mirandola,66744,0.45
Miki Kiyoshi / 三木清,"哲学入門 (Introduction to Philosophy, 1940)",110996,plato,71433,0.5982
Miki Kiyoshi / 三木清,"哲学入門 (Introduction to Philosophy, 1940)",110996,plotinus,95350,0.7609
Miki Kiyoshi / 三木清,"哲学入門 (Introduction to Philosophy, 1940)",110996,plutarch,114257,0.6385
Miki Kiyoshi / 三木清,"哲学入門 (Introduction to Philosophy, 1940)",110996,poincare,103220,0.621
Miki Kiyoshi / 三木清,"哲学入門 (Introduction to Philosophy, 1940)",110996,polqar,58613,0.5955
Miki Kiyoshi / 三木清,"哲学入門 (Introduction to Philosophy, 1940)",110996,pomponazzi,66395,0.6053
Miki Kiyoshi / 三木清,"哲学入門 (Introduction to Philosophy, 1940)",110996,popper,91522,0.7018
Miki Kiyoshi / 三木清,"哲学入門 (Introduction to Philosophy, 1940)",110996,porphyry,45207,0.5984
Miki Kiyoshi / 三木清,"哲学入門 (Introduction to Philosophy, 1940)",110996,prichard,52049,0.7707
Miki Kiyoshi / 三木清,"哲学入門 (Introduction to Philosophy, 1940)",110996,prior,129545,0.5326
Miki Kiyoshi / 三木清,"哲学入門 (Introduction to Philosophy, 1940)",110996,proclus,123276,0.6096
Miki Kiyoshi / 三木清,"哲学入門 (Introduction to Philosophy, 1940)",110996,protagoras,77250,0.6793
Miki Kiyoshi / 三木清,"哲学入門 (Introduction to Philosophy, 1940)",110996,pseudo-dionysius-areopagite,75315,0.5872
Miki Kiyoshi / 三木清,"哲学入門 (Introduction to Philosophy, 1940)",110996,pyrrho,57471,0.6582
Miki Kiyoshi / 三木清,"哲学入門 (Introduction to Philosophy, 1940)",110996,pythagoras,118648,0.4582
Miki Kiyoshi / 三木清,"哲学入門 (Introduction to Philosophy, 1940)",110996,quine,105292,0.7351
Miki Kiyoshi / 三木清,"哲学入門 (Introduction to Philosophy, 1940)",110996,radulphus-brito,64884,0.7494
Miki Kiyoshi / 三木清,"哲学入門 (Introduction to Philosophy, 1940)",110996,ramsey,157347,0.6144
Miki Kiyoshi / 三木清,"哲学入門 (Introduction to Philosophy, 1940)",110996,ramus,91673,0.5338
Miki Kiyoshi / 三木清,"哲学入門 (Introduction to Philosophy, 1940)",110996,rawls,105810,0.5883
Miki Kiyoshi / 三木清,"哲学入門 (Introduction to Philosophy, 1940)",110996,reichenbach,136039,0.574
Miki Kiyoshi / 三木清,"哲学入門 (Introduction to Philosophy, 1940)",110996,reid,181211,0.8143
Miki Kiyoshi / 三木清,"哲学入門 (Introduction to Philosophy, 1940)",110996,reinach,41703,0.7901
Miki Kiyoshi / 三木清,"哲学入門 (Introduction to Philosophy, 1940)",110996,richard-price,96378,0.7449
Miki Kiyoshi / 三木清,"哲学入門 (Introduction to Philosophy, 1940)",110996,ricoeur,56670,0.7266
Miki Kiyoshi / 三木清,"哲学入門 (Introduction to Philosophy, 1940)",110996,robert-kilwardby,148886,0.7598
Miki Kiyoshi / 三木清,"哲学入門 (Introduction to Philosophy, 1940)",110996,roger-bacon,146776,0.6187
Miki Kiyoshi / 三木清,"哲学入門 (Introduction to Philosophy, 1940)",110996,rorty,71793,0.6618
Miki Kiyoshi / 三木清,"哲学入門 (Introduction to Philosophy, 1940)",110996,rosenstock-huessy,97123,0.7036
Miki Kiyoshi / 三木清,"哲学入門 (Introduction to Philosophy, 1940)",110996,rosenzweig,96984,0.6268
Miki Kiyoshi / 三木清,"哲学入門 (Introduction to Philosophy, 1940)",110996,rousseau,67496,0.6298
Miki Kiyoshi / 三木清,"哲学入門 (Introduction to Philosophy, 1940)",110996,royce,98956,0.6915
Miki Kiyoshi / 三木清,"哲学入門 (Introduction to Philosophy, 1940)",110996,russell,132015,0.6279
Miki Kiyoshi / 三木清,"哲学入門 (Introduction to Philosophy, 1940)",110996,ryle,105532,0.7858
Miki Kiyoshi / 三木清,"哲学入門 (Introduction to Philosophy, 1940)",110996,saadya,49838,0.5843
Miki Kiyoshi / 三木清,"哲学入門 (Introduction to Philosophy, 1940)",110996,saantarak-sita,55734,0.6618
Miki Kiyoshi / 三木清,"哲学入門 (Introduction to Philosophy, 1940)",110996,sakya-pandita,61059,0.5239
Miki Kiyoshi / 三木清,"哲学入門 (Introduction to Philosophy, 1940)",110996,santayana,74763,0.6058
Miki Kiyoshi / 三木清,"哲学入門 (Introduction to Philosophy, 1940)",110996,sartre,101754,0.6639
Miki Kiyoshi / 三木清,"哲学入門 (Introduction to Philosophy, 1940)",110996,scheler,95052,0.7545
Miki Kiyoshi / 三木清,"哲学入門 (Introduction to Philosophy, 1940)",110996,schelling,95712,0.7585
Miki Kiyoshi / 三木清,"哲学入門 (Introduction to Philosophy, 1940)",110996,schiller,83194,0.7074
Miki Kiyoshi / 三木清,"哲学入門 (Introduction to Philosophy, 1940)",110996,schlegel,29105,0.4558
Miki Kiyoshi / 三木清,"哲学入門 (Introduction to Philosophy, 1940)",110996,schlegel-aw,92971,0.5013
Miki Kiyoshi / 三木清,"哲学入門 (Introduction to Philosophy, 1940)",110996,schleiermacher,144331,0.637
Miki Kiyoshi / 三木清,"哲学入門 (Introduction to Philosophy, 1940)",110996,schlick,112805,0.6586
Miki Kiyoshi / 三木清,"哲学入門 (Introduction to Philosophy, 1940)",110996,schmitt,89721,0.5031
Miki Kiyoshi / 三木清,"哲学入門 (Introduction to Philosophy, 1940)",110996,scholem,60788,0.3747
Miki Kiyoshi / 三木清,"哲学入門 (Introduction to Philosophy, 1940)",110996,scholz,27919,0.4169
Miki Kiyoshi / 三木清,"哲学入門 (Introduction to Philosophy, 1940)",110996,schopenhauer,83036,0.7414
Miki Kiyoshi / 三木清,"哲学入門 (Introduction to Philosophy, 1940)",110996,schutz,80445,0.6553
Miki Kiyoshi / 三木清,"哲学入門 (Introduction to Philosophy, 1940)",110996,scottus-eriugena,94103,0.6316
Miki Kiyoshi / 三木清,"哲学入門 (Introduction to Philosophy, 1940)",110996,sellars,117210,0.7871
Miki Kiyoshi / 三木清,"哲学入門 (Introduction to Philosophy, 1940)",110996,seneca,105936,0.6461
Miki Kiyoshi / 三木清,"哲学入門 (Introduction to Philosophy, 1940)",110996,sextus-empiricus,109548,0.6533
Miki Kiyoshi / 三木清,"哲学入門 (Introduction to Philosophy, 1940)",110996,shaftesbury,2192,0.5034
Miki Kiyoshi / 三木清,"哲学入門 (Introduction to Philosophy, 1940)",110996,shankara,89230,0.7603
Miki Kiyoshi / 三木清,"哲学入門 (Introduction to Philosophy, 1940)",110996,shantideva,72337,0.6457
Miki Kiyoshi / 三木清,"哲学入門 (Introduction to Philosophy, 1940)",110996,sharpe,50729,0.7582
Miki Kiyoshi / 三木清,"哲学入門 (Introduction to Philosophy, 1940)",110996,sidgwick,176811,0.68
Miki Kiyoshi / 三木清,"哲学入門 (Introduction to Philosophy, 1940)",110996,sidney-hook,110797,0.6394
Miki Kiyoshi / 三木清,"哲学入門 (Introduction to Philosophy, 1940)",110996,simon-faversham,45088,0.7678
Miki Kiyoshi / 三木清,"哲学入門 (Introduction to Philosophy, 1940)",110996,simone-weil,78561,0.6842
Miki Kiyoshi / 三木清,"哲学入門 (Introduction to Philosophy, 1940)",110996,simplicius,96839,0.5129
Miki Kiyoshi / 三木清,"哲学入門 (Introduction to Philosophy, 1940)",110996,socrates,88031,0.484
Miki Kiyoshi / 三木清,"哲学入門 (Introduction to Philosophy, 1940)",110996,sophie-de-grouchy,55009,0.4895
Miki Kiyoshi / 三木清,"哲学入門 (Introduction to Philosophy, 1940)",110996,spencer,56620,0.612
Miki Kiyoshi / 三木清,"哲学入門 (Introduction to Philosophy, 1940)",110996,speusippus,60321,0.6052
Miki Kiyoshi / 三木清,"哲学入門 (Introduction to Philosophy, 1940)",110996,spinoza,91786,0.8247
Miki Kiyoshi / 三木清,"哲学入門 (Introduction to Philosophy, 1940)",110996,sriharsa,104242,0.7444
Miki Kiyoshi / 三木清,"哲学入門 (Introduction to Philosophy, 1940)",110996,stebbing,55346,0.632
Miki Kiyoshi / 三木清,"哲学入門 (Introduction to Philosophy, 1940)",110996,stein,145387,0.7429
Miki Kiyoshi / 三木清,"哲学入門 (Introduction to Philosophy, 1940)",110996,stevenson,85779,0.717
Miki Kiyoshi / 三木清,"哲学入門 (Introduction to Philosophy, 1940)",110996,strauss-leo,64850,0.5755
Miki Kiyoshi / 三木清,"哲学入門 (Introduction to Philosophy, 1940)",110996,strawson,72046,0.6816
Miki Kiyoshi / 三木清,"哲学入門 (Introduction to Philosophy, 1940)",110996,stumpf,112239,0.6287
Miki Kiyoshi / 三木清,"哲学入門 (Introduction to Philosophy, 1940)",110996,suarez,125433,0.7223
Miki Kiyoshi / 三木清,"哲学入門 (Introduction to Philosophy, 1940)",110996,suhrawardi,108375,0.5796
Miki Kiyoshi / 三木清,"哲学入門 (Introduction to Philosophy, 1940)",110996,susman-margarete,76293,0.6108
Miki Kiyoshi / 三木清,"哲学入門 (Introduction to Philosophy, 1940)",110996,sylvan-routley,115072,0.6935
Miki Kiyoshi / 三木清,"哲学入門 (Introduction to Philosophy, 1940)",110996,syrianus,97154,0.553
Miki Kiyoshi / 三木清,"哲学入門 (Introduction to Philosophy, 1940)",110996,tarski,86038,0.591
Miki Kiyoshi / 三木清,"哲学入門 (Introduction to Philosophy, 1940)",110996,taurellus,51823,0.7382
Miki Kiyoshi / 三木清,"哲学入門 (Introduction to Philosophy, 1940)",110996,telesio,40426,0.5942
Miki Kiyoshi / 三木清,"哲学入門 (Introduction to Philosophy, 1940)",110996,theophrastus,91516,0.6095
Miki Kiyoshi / 三木清,"哲学入門 (Introduction to Philosophy, 1940)",110996,thomas-kuhn,95209,0.674
Miki Kiyoshi / 三木清,"哲学入門 (Introduction to Philosophy, 1940)",110996,thomas-more,75732,0.5296
Miki Kiyoshi / 三木清,"哲学入門 (Introduction to Philosophy, 1940)",110996,thoreau,43886,0.7415
Miki Kiyoshi / 三木清,"哲学入門 (Introduction to Philosophy, 1940)",110996,tibbon,63044,0.4693
Miki Kiyoshi / 三木清,"哲学入門 (Introduction to Philosophy, 1940)",110996,timon-phlius,30753,0.5159
Miki Kiyoshi / 三木清,"哲学入門 (Introduction to Philosophy, 1940)",110996,tsongkhapa,82475,0.4412
Miki Kiyoshi / 三木清,"哲学入門 (Introduction to Philosophy, 1940)",110996,turing,70634,0.5515
Miki Kiyoshi / 三木清,"哲学入門 (Introduction to Philosophy, 1940)",110996,twardowski,79479,0.7046
Miki Kiyoshi / 三木清,"哲学入門 (Introduction to Philosophy, 1940)",110996,umar-khayyam,94432,0.5728
Miki Kiyoshi / 三木清,"哲学入門 (Introduction to Philosophy, 1940)",110996,vaihinger,64311,0.7107
Miki Kiyoshi / 三木清,"哲学入門 (Introduction to Philosophy, 1940)",110996,vasubandhu,116641,0.7237
Miki Kiyoshi / 三木清,"哲学入門 (Introduction to Philosophy, 1940)",110996,vico,42337,0.5969
Miki Kiyoshi / 三木清,"哲学入門 (Introduction to Philosophy, 1940)",110996,vives,43013,0.6208
Miki Kiyoshi / 三木清,"哲学入門 (Introduction to Philosophy, 1940)",110996,voltaire,87195,0.483
Miki Kiyoshi / 三木清,"哲学入門 (Introduction to Philosophy, 1940)",110996,walter-chatton,110366,0.7543
Miki Kiyoshi / 三木清,"哲学入門 (Introduction to Philosophy, 1940)",110996,wang-yangming,49779,0.6825
Miki Kiyoshi / 三木清,"哲学入門 (Introduction to Philosophy, 1940)",110996,watsuji-tetsuro,70157,0.6338
Miki Kiyoshi / 三木清,"哲学入門 (Introduction to Philosophy, 1940)",110996,weber,88898,0.6721
Miki Kiyoshi / 三木清,"哲学入門 (Introduction to Philosophy, 1940)",110996,wesley-salmon,102457,0.5745
Miki Kiyoshi / 三木清,"哲学入門 (Introduction to Philosophy, 1940)",110996,weyl,344677,0.5596
Miki Kiyoshi / 三木清,"哲学入門 (Introduction to Philosophy, 1940)",110996,whewell,60215,0.6677
Miki Kiyoshi / 三木清,"哲学入門 (Introduction to Philosophy, 1940)",110996,whitehead,126351,0.7005
Miki Kiyoshi / 三木清,"哲学入門 (Introduction to Philosophy, 1940)",110996,wilhelm-humboldt,101176,0.4713
Miki Kiyoshi / 三木清,"哲学入門 (Introduction to Philosophy, 1940)",110996,wilhelm-windelband,71324,0.7439
Miki Kiyoshi / 三木清,"哲学入門 (Introduction to Philosophy, 1940)",110996,wilhelm-wundt,83520,0.7361
Miki Kiyoshi / 三木清,"哲学入門 (Introduction to Philosophy, 1940)",110996,william-auvergne,87618,0.6993
Miki Kiyoshi / 三木清,"哲学入門 (Introduction to Philosophy, 1940)",110996,william-champeaux,51368,0.6701
Miki Kiyoshi / 三木清,"哲学入門 (Introduction to Philosophy, 1940)",110996,william-david-ross,120186,0.6744
Miki Kiyoshi / 三木清,"哲学入門 (Introduction to Philosophy, 1940)",110996,william-jevons,38920,0.6683
Miki Kiyoshi / 三木清,"哲学入門 (Introduction to Philosophy, 1940)",110996,william-sherwood,33278,0.4993
Miki Kiyoshi / 三木清,"哲学入門 (Introduction to Philosophy, 1940)",110996,williams-bernard,97259,0.7381
Miki Kiyoshi / 三木清,"哲学入門 (Introduction to Philosophy, 1940)",110996,williams-dc,56136,0.67
Miki Kiyoshi / 三木清,"哲学入門 (Introduction to Philosophy, 1940)",110996,wilson,127113,0.7153
Miki Kiyoshi / 三木清,"哲学入門 (Introduction to Philosophy, 1940)",110996,wittgenstein,85691,0.6729
Miki Kiyoshi / 三木清,"哲学入門 (Introduction to Philosophy, 1940)",110996,wodeham,77994,0.6367
Miki Kiyoshi / 三木清,"哲学入門 (Introduction to Philosophy, 1940)",110996,wolff-christian,125458,0.722
Miki Kiyoshi / 三木清,"哲学入門 (Introduction to Philosophy, 1940)",110996,wollstonecraft,66138,0.4525
Miki Kiyoshi / 三木清,"哲学入門 (Introduction to Philosophy, 1940)",110996,wright,50233,0.7728
Miki Kiyoshi / 三木清,"哲学入門 (Introduction to Philosophy, 1940)",110996,wyclif,131895,0.7458
Miki Kiyoshi / 三木清,"哲学入門 (Introduction to Philosophy, 1940)",110996,xenocrates,42984,0.588
Miki Kiyoshi / 三木清,"哲学入門 (Introduction to Philosophy, 1940)",110996,xenophanes,37845,0.5606
Miki Kiyoshi / 三木清,"哲学入門 (Introduction to Philosophy, 1940)",110996,xunzi,52292,0.6165
Miki Kiyoshi / 三木清,"哲学入門 (Introduction to Philosophy, 1940)",110996,yorck,55210,0.6822
Miki Kiyoshi / 三木清,"哲学入門 (Introduction to Philosophy, 1940)",110996,zabarella,55317,0.6599
Miki Kiyoshi / 三木清,"哲学入門 (Introduction to Philosophy, 1940)",110996,zeno-elea,66712,0.5456
Miki Kiyoshi / 三木清,"哲学入門 (Introduction to Philosophy, 1940)",110996,zhu-xi,111196,0.6062
Miki Kiyoshi / 三木清,"哲学入門 (Introduction to Philosophy, 1940)",110996,zhuangzi,132308,0.6529
Miki Kiyoshi / 三木清,"語られざる哲学 (The Unspoken Philosophy, 1927)",54996,abelard,89142,0.6714
Miki Kiyoshi / 三木清,"語られざる哲学 (The Unspoken Philosophy, 1927)",54996,abner-burgos,38237,0.5668
Miki Kiyoshi / 三木清,"語られざる哲学 (The Unspoken Philosophy, 1927)",54996,abrabanel,57531,0.6659
Miki Kiyoshi / 三木清,"語られざる哲学 (The Unspoken Philosophy, 1927)",54996,abraham-daud,60460,0.6022
Miki Kiyoshi / 三木清,"語られざる哲学 (The Unspoken Philosophy, 1927)",54996,abu-bakr-al-razi,47989,0.5988
Miki Kiyoshi / 三木清,"語られざる哲学 (The Unspoken Philosophy, 1927)",54996,addams-jane,73923,0.567
Miki Kiyoshi / 三木清,"語られざる哲学 (The Unspoken Philosophy, 1927)",54996,adorno,129793,0.7002
Miki Kiyoshi / 三木清,"語られざる哲学 (The Unspoken Philosophy, 1927)",54996,agrippa-nettesheim,75671,0.7014
Miki Kiyoshi / 三木清,"語られざる哲学 (The Unspoken Philosophy, 1927)",54996,al-baghdadi,83713,0.593
Miki Kiyoshi / 三木清,"語られざる哲学 (The Unspoken Philosophy, 1927)",54996,al-din-al-razi,83443,0.6126
Miki Kiyoshi / 三木清,"語られざる哲学 (The Unspoken Philosophy, 1927)",54996,al-farabi,47405,0.4882
Miki Kiyoshi / 三木清,"語られざる哲学 (The Unspoken Philosophy, 1927)",54996,al-ghazali,101966,0.542
Miki Kiyoshi / 三木清,"語られざる哲学 (The Unspoken Philosophy, 1927)",54996,al-kindi,58692,0.6418
Miki Kiyoshi / 三木清,"語られざる哲学 (The Unspoken Philosophy, 1927)",54996,alain-locke,96958,0.6258
Miki Kiyoshi / 三木清,"語られざる哲学 (The Unspoken Philosophy, 1927)",54996,albalag,82100,0.6823
Miki Kiyoshi / 三木清,"語られざる哲学 (The Unspoken Philosophy, 1927)",54996,albert-great,74990,0.6685
Miki Kiyoshi / 三木清,"語られざる哲学 (The Unspoken Philosophy, 1927)",54996,albert-saxony,35992,0.5182
Miki Kiyoshi / 三木清,"語られざる哲学 (The Unspoken Philosophy, 1927)",54996,albo-joseph,47544,0.545
Miki Kiyoshi / 三木清,"語られざる哲学 (The Unspoken Philosophy, 1927)",54996,alcmaeon,58082,0.5704
Miki Kiyoshi / 三木清,"語られざる哲学 (The Unspoken Philosophy, 1927)",54996,alexander,52520,0.6296
Miki Kiyoshi / 三木清,"語られざる哲学 (The Unspoken Philosophy, 1927)",54996,alexander-aphrodisias,74028,0.6397
Miki Kiyoshi / 三木清,"語られざる哲学 (The Unspoken Philosophy, 1927)",54996,alexander-crummell,74136,0.6676
Miki Kiyoshi / 三木清,"語られざる哲学 (The Unspoken Philosophy, 1927)",54996,alexander-humboldt,88302,0.5091
Miki Kiyoshi / 三木清,"語られざる哲学 (The Unspoken Philosophy, 1927)",54996,althusser,94704,0.6154
Miki Kiyoshi / 三木清,"語られざる哲学 (The Unspoken Philosophy, 1927)",54996,alyngton,60766,0.5828
Miki Kiyoshi / 三木清,"語られざる哲学 (The Unspoken Philosophy, 1927)",54996,ammonius,88404,0.593
Miki Kiyoshi / 三木清,"語られざる哲学 (The Unspoken Philosophy, 1927)",54996,anaxagoras,71165,0.5817
Miki Kiyoshi / 三木清,"語られざる哲学 (The Unspoken Philosophy, 1927)",54996,anderson-john,88384,0.6968
Miki Kiyoshi / 三木清,"語られざる哲学 (The Unspoken Philosophy, 1927)",54996,anna-julia-cooper,99707,0.492
Miki Kiyoshi / 三木清,"語られざる哲学 (The Unspoken Philosophy, 1927)",54996,anscombe,66048,0.7483
Miki Kiyoshi / 三木清,"語られざる哲学 (The Unspoken Philosophy, 1927)",54996,anselm,44248,0.7286
Miki Kiyoshi / 三木清,"語られざる哲学 (The Unspoken Philosophy, 1927)",54996,antiochus-ascalon,34903,0.6918
Miki Kiyoshi / 三木清,"語られざる哲学 (The Unspoken Philosophy, 1927)",54996,antonio-rosmini,57060,0.7791
Miki Kiyoshi / 三木清,"語られざる哲学 (The Unspoken Philosophy, 1927)",54996,aquinas,116371,0.7128
Miki Kiyoshi / 三木清,"語られざる哲学 (The Unspoken Philosophy, 1927)",54996,arcesilaus,69050,0.6834
Miki Kiyoshi / 三木清,"語られざる哲学 (The Unspoken Philosophy, 1927)",54996,archytas,108213,0.494
Miki Kiyoshi / 三木清,"語られざる哲学 (The Unspoken Philosophy, 1927)",54996,arendt,97091,0.6816
Miki Kiyoshi / 三木清,"語られざる哲学 (The Unspoken Philosophy, 1927)",54996,aristotle,145744,0.7178
Miki Kiyoshi / 三木清,"語られざる哲学 (The Unspoken Philosophy, 1927)",54996,arnauld,130687,0.6836
Miki Kiyoshi / 三木清,"語られざる哲学 (The Unspoken Philosophy, 1927)",54996,astell,83883,0.7443
Miki Kiyoshi / 三木清,"語られざる哲学 (The Unspoken Philosophy, 1927)",54996,august-rehberg,56341,0.5901
Miki Kiyoshi / 三木清,"語られざる哲学 (The Unspoken Philosophy, 1927)",54996,augustine,189535,0.7248
Miki Kiyoshi / 三木清,"語られざる哲学 (The Unspoken Philosophy, 1927)",54996,auriol,63037,0.6565
Miki Kiyoshi / 三木清,"語られざる哲学 (The Unspoken Philosophy, 1927)",54996,austin-jl,133014,0.6496
Miki Kiyoshi / 三木清,"語られざる哲学 (The Unspoken Philosophy, 1927)",54996,austin-john,35237,0.4799
Miki Kiyoshi / 三木清,"語られざる哲学 (The Unspoken Philosophy, 1927)",54996,autrecourt,32240,0.5461
Miki Kiyoshi / 三木清,"語られざる哲学 (The Unspoken Philosophy, 1927)",54996,ayer,83888,0.6571
Miki Kiyoshi / 三木清,"語られざる哲学 (The Unspoken Philosophy, 1927)",54996,ayn-rand,108332,0.7241
Miki Kiyoshi / 三木清,"語られざる哲学 (The Unspoken Philosophy, 1927)",54996,baudrillard,92850,0.6403
Miki Kiyoshi / 三木清,"語られざる哲学 (The Unspoken Philosophy, 1927)",54996,bauer,65261,0.5729
Miki Kiyoshi / 三木清,"語られざる哲学 (The Unspoken Philosophy, 1927)",54996,bayle,71814,0.6243
Miki Kiyoshi / 三木清,"語られざる哲学 (The Unspoken Philosophy, 1927)",54996,beauvoir,130158,0.6281
Miki Kiyoshi / 三木清,"語られざる哲学 (The Unspoken Philosophy, 1927)",54996,benjamin,132946,0.6415
Miki Kiyoshi / 三木清,"語られざる哲学 (The Unspoken Philosophy, 1927)",54996,bentham,119009,0.5844
Miki Kiyoshi / 三木清,"語られざる哲学 (The Unspoken Philosophy, 1927)",54996,bergson,75781,0.6766
Miki Kiyoshi / 三木清,"語られざる哲学 (The Unspoken Philosophy, 1927)",54996,berkeley,66222,0.7133
Miki Kiyoshi / 三木清,"語られざる哲学 (The Unspoken Philosophy, 1927)",54996,berlin,129531,0.6541
Miki Kiyoshi / 三木清,"語られざる哲学 (The Unspoken Philosophy, 1927)",54996,bessarion,40178,0.4828
Miki Kiyoshi / 三木清,"語られざる哲学 (The Unspoken Philosophy, 1927)",54996,bloch,70253,0.6857
Miki Kiyoshi / 三木清,"語られざる哲学 (The Unspoken Philosophy, 1927)",54996,bodin,124284,0.4494
Miki Kiyoshi / 三木清,"語られざる哲学 (The Unspoken Philosophy, 1927)",54996,boethius,62682,0.6984
Miki Kiyoshi / 三木清,"語られざる哲学 (The Unspoken Philosophy, 1927)",54996,boethius-dacia,54051,0.6697
Miki Kiyoshi / 三木清,"語られざる哲学 (The Unspoken Philosophy, 1927)",54996,bolzano,155132,0.5652
Miki Kiyoshi / 三木清,"語られざる哲学 (The Unspoken Philosophy, 1927)",54996,bonaventure,109175,0.6678
Miki Kiyoshi / 三木清,"語られざる哲学 (The Unspoken Philosophy, 1927)",54996,boole,88621,0.3306
Miki Kiyoshi / 三木清,"語られざる哲学 (The Unspoken Philosophy, 1927)",54996,bosanquet,96950,0.6349
Miki Kiyoshi / 三木清,"語られざる哲学 (The Unspoken Philosophy, 1927)",54996,boyle,111911,0.6745
Miki Kiyoshi / 三木清,"語られざる哲学 (The Unspoken Philosophy, 1927)",54996,bradley,67270,0.7324
Miki Kiyoshi / 三木清,"語られざる哲学 (The Unspoken Philosophy, 1927)",54996,brentano,87726,0.6428
Miki Kiyoshi / 三木清,"語られざる哲学 (The Unspoken Philosophy, 1927)",54996,broad,78488,0.7249
Miki Kiyoshi / 三木清,"語られざる哲学 (The Unspoken Philosophy, 1927)",54996,brouwer,44368,0.471
Miki Kiyoshi / 三木清,"語られざる哲学 (The Unspoken Philosophy, 1927)",54996,bruno,145683,0.6618
Miki Kiyoshi / 三木清,"語られざる哲学 (The Unspoken Philosophy, 1927)",54996,buber,66928,0.5729
Miki Kiyoshi / 三木清,"語られざる哲学 (The Unspoken Philosophy, 1927)",54996,buddha,50785,0.7713
Miki Kiyoshi / 三木清,"語られざる哲学 (The Unspoken Philosophy, 1927)",54996,buridan,87906,0.6843
Miki Kiyoshi / 三木清,"語られざる哲学 (The Unspoken Philosophy, 1927)",54996,burke,90308,0.6392
Miki Kiyoshi / 三木清,"語られざる哲学 (The Unspoken Philosophy, 1927)",54996,burley,115565,0.6135
Miki Kiyoshi / 三木清,"語られざる哲学 (The Unspoken Philosophy, 1927)",54996,campanella,82531,0.6677
Miki Kiyoshi / 三木清,"語られざる哲学 (The Unspoken Philosophy, 1927)",54996,camus,80128,0.725
Miki Kiyoshi / 三木清,"語られざる哲学 (The Unspoken Philosophy, 1927)",54996,cardano,83556,0.7357
Miki Kiyoshi / 三木清,"語られざる哲学 (The Unspoken Philosophy, 1927)",54996,carnap,210237,0.558
Miki Kiyoshi / 三木清,"語られざる哲学 (The Unspoken Philosophy, 1927)",54996,carneades,47385,0.7229
Miki Kiyoshi / 三木清,"語られざる哲学 (The Unspoken Philosophy, 1927)",54996,cassirer,60498,0.6797
Miki Kiyoshi / 三木清,"語られざる哲学 (The Unspoken Philosophy, 1927)",54996,catharine-macaulay,75941,0.5882
Miki Kiyoshi / 三木清,"語られざる哲学 (The Unspoken Philosophy, 1927)",54996,chisholm,111067,0.6884
Miki Kiyoshi / 三木清,"語られざる哲学 (The Unspoken Philosophy, 1927)",54996,church,149178,0.5411
Miki Kiyoshi / 三木清,"語られざる哲学 (The Unspoken Philosophy, 1927)",54996,cicero,83024,0.7246
Miki Kiyoshi / 三木清,"語られざる哲学 (The Unspoken Philosophy, 1927)",54996,clarke,92724,0.6652
Miki Kiyoshi / 三木清,"語られざる哲学 (The Unspoken Philosophy, 1927)",54996,cockburn,21972,0.6479
Miki Kiyoshi / 三木清,"語られざる哲学 (The Unspoken Philosophy, 1927)",54996,cohen,95490,0.6188
Miki Kiyoshi / 三木清,"語られざる哲学 (The Unspoken Philosophy, 1927)",54996,collingwood,122058,0.6975
Miki Kiyoshi / 三木清,"語られざる哲学 (The Unspoken Philosophy, 1927)",54996,collins,147634,0.6677
Miki Kiyoshi / 三木清,"語られざる哲学 (The Unspoken Philosophy, 1927)",54996,comte,1828,0.5382
Miki Kiyoshi / 三木清,"語られざる哲学 (The Unspoken Philosophy, 1927)",54996,condillac,96062,0.6928
Miki Kiyoshi / 三木清,"語られざる哲学 (The Unspoken Philosophy, 1927)",54996,confucius,73300,0.578
Miki Kiyoshi / 三木清,"語られざる哲学 (The Unspoken Philosophy, 1927)",54996,consequence-medieval,87811,0.5923
Miki Kiyoshi / 三木清,"語られざる哲学 (The Unspoken Philosophy, 1927)",54996,conway,27816,0.6585
Miki Kiyoshi / 三木清,"語られざる哲学 (The Unspoken Philosophy, 1927)",54996,copernicus,47058,0.4168
Miki Kiyoshi / 三木清,"語られざる哲学 (The Unspoken Philosophy, 1927)",54996,cordemoy,24863,0.6321
Miki Kiyoshi / 三木清,"語られざる哲学 (The Unspoken Philosophy, 1927)",54996,crathorn,24237,0.6376
Miki Kiyoshi / 三木清,"語られざる哲学 (The Unspoken Philosophy, 1927)",54996,crescas,61149,0.6019
Miki Kiyoshi / 三木清,"語られざる哲学 (The Unspoken Philosophy, 1927)",54996,cudworth,48093,0.6724
Miki Kiyoshi / 三木清,"語られざる哲学 (The Unspoken Philosophy, 1927)",54996,cusanus,100566,0.667
Miki Kiyoshi / 三木清,"語られざる哲学 (The Unspoken Philosophy, 1927)",54996,dante,110390,0.6654
Miki Kiyoshi / 三木清,"語られざる哲学 (The Unspoken Philosophy, 1927)",54996,david,12440,0.6017
Miki Kiyoshi / 三木清,"語られざる哲学 (The Unspoken Philosophy, 1927)",54996,david-lewis,158492,0.6547
Miki Kiyoshi / 三木清,"語られざる哲学 (The Unspoken Philosophy, 1927)",54996,davidson,86963,0.6499
Miki Kiyoshi / 三木清,"語られざる哲学 (The Unspoken Philosophy, 1927)",54996,deleuze,120638,0.6573
Miki Kiyoshi / 三木清,"語られざる哲学 (The Unspoken Philosophy, 1927)",54996,della-porta,83319,0.4934
Miki Kiyoshi / 三木清,"語られざる哲学 (The Unspoken Philosophy, 1927)",54996,delmedigo,38766,0.5412
Miki Kiyoshi / 三木清,"語られざる哲学 (The Unspoken Philosophy, 1927)",54996,democritus,38590,0.6053
Miki Kiyoshi / 三木清,"語られざる哲学 (The Unspoken Philosophy, 1927)",54996,derrida,81463,0.6652
Miki Kiyoshi / 三木清,"語られざる哲学 (The Unspoken Philosophy, 1927)",54996,descartes,147007,0.6832
Miki Kiyoshi / 三木清,"語られざる哲学 (The Unspoken Philosophy, 1927)",54996,desgabets,57875,0.6896
Miki Kiyoshi / 三木清,"語られざる哲学 (The Unspoken Philosophy, 1927)",54996,dewey,123491,0.7289
Miki Kiyoshi / 三木清,"語られざる哲学 (The Unspoken Philosophy, 1927)",54996,dharmakiirti,107124,0.5941
Miki Kiyoshi / 三木清,"語られざる哲学 (The Unspoken Philosophy, 1927)",54996,diderot,123943,0.6941
Miki Kiyoshi / 三木清,"語られざる哲学 (The Unspoken Philosophy, 1927)",54996,dietrich-freiberg,79253,0.6019
Miki Kiyoshi / 三木清,"語られざる哲学 (The Unspoken Philosophy, 1927)",54996,dilthey,85569,0.7538
Miki Kiyoshi / 三木清,"語られざる哲学 (The Unspoken Philosophy, 1927)",54996,diodorus-cronus,71397,0.5812
Miki Kiyoshi / 三木清,"語られざる哲学 (The Unspoken Philosophy, 1927)",54996,du-bos,38393,0.6287
Miki Kiyoshi / 三木清,"語られざる哲学 (The Unspoken Philosophy, 1927)",54996,dubois,114539,0.5847
Miki Kiyoshi / 三木清,"語られざる哲学 (The Unspoken Philosophy, 1927)",54996,duhem,71923,0.5587
Miki Kiyoshi / 三木清,"語られざる哲学 (The Unspoken Philosophy, 1927)",54996,duns-scotus,66213,0.6845
Miki Kiyoshi / 三木清,"語られざる哲学 (The Unspoken Philosophy, 1927)",54996,edwards,55086,0.7273
Miki Kiyoshi / 三木清,"語られざる哲学 (The Unspoken Philosophy, 1927)",54996,ehrenfels,75699,0.6159
Miki Kiyoshi / 三木清,"語られざる哲学 (The Unspoken Philosophy, 1927)",54996,elias,12636,0.5704
Miki Kiyoshi / 三木清,"語られざる哲学 (The Unspoken Philosophy, 1927)",54996,elisabeth-bohemia,38634,0.5494
Miki Kiyoshi / 三木清,"語られざる哲学 (The Unspoken Philosophy, 1927)",54996,emerson,51322,0.7149
Miki Kiyoshi / 三木清,"語られざる哲学 (The Unspoken Philosophy, 1927)",54996,emilie-du-chatelet,87477,0.6287
Miki Kiyoshi / 三木清,"語られざる哲学 (The Unspoken Philosophy, 1927)",54996,emily-elizabeth-constance-jones,75474,0.6273
Miki Kiyoshi / 三木清,"語られざる哲学 (The Unspoken Philosophy, 1927)",54996,empedocles,77299,0.6572
Miki Kiyoshi / 三木清,"語られざる哲学 (The Unspoken Philosophy, 1927)",54996,epictetus,42904,0.7259
Miki Kiyoshi / 三木清,"語られざる哲学 (The Unspoken Philosophy, 1927)",54996,epicurus,70774,0.7032
Miki Kiyoshi / 三木清,"語られざる哲学 (The Unspoken Philosophy, 1927)",54996,erasmus,72477,0.6447
Miki Kiyoshi / 三木清,"語られざる哲学 (The Unspoken Philosophy, 1927)",54996,erfurt,32262,0.5587
Miki Kiyoshi / 三木清,"語られざる哲学 (The Unspoken Philosophy, 1927)",54996,ernst-mach,76311,0.6184
Miki Kiyoshi / 三木清,"語られざる哲学 (The Unspoken Philosophy, 1927)",54996,falaquera,51748,0.5369
Miki Kiyoshi / 三木清,"語られざる哲学 (The Unspoken Philosophy, 1927)",54996,fechner,75075,0.6603
Miki Kiyoshi / 三木清,"語られざる哲学 (The Unspoken Philosophy, 1927)",54996,feigl,66068,0.6659
Miki Kiyoshi / 三木清,"語られざる哲学 (The Unspoken Philosophy, 1927)",54996,feyerabend,167393,0.6341
Miki Kiyoshi / 三木清,"語られざる哲学 (The Unspoken Philosophy, 1927)",54996,ficino,59497,0.5794
Miki Kiyoshi / 三木清,"語られざる哲学 (The Unspoken Philosophy, 1927)",54996,findlay,87164,0.751
Miki Kiyoshi / 三木清,"語られざる哲学 (The Unspoken Philosophy, 1927)",54996,fitzralph,44938,0.6543
Miki Kiyoshi / 三木清,"語られざる哲学 (The Unspoken Philosophy, 1927)",54996,fleck,85865,0.6608
Miki Kiyoshi / 三木清,"語られざる哲学 (The Unspoken Philosophy, 1927)",54996,foucault,71347,0.6522
Miki Kiyoshi / 三木清,"語られざる哲学 (The Unspoken Philosophy, 1927)",54996,francis-bacon,98798,0.5964
Miki Kiyoshi / 三木清,"語られざる哲学 (The Unspoken Philosophy, 1927)",54996,francis-marchia,59118,0.5085
Miki Kiyoshi / 三木清,"語られざる哲学 (The Unspoken Philosophy, 1927)",54996,francisco-sanches,90776,0.6772
Miki Kiyoshi / 三木清,"語られざる哲学 (The Unspoken Philosophy, 1927)",54996,francois-barre,83603,0.6413
Miki Kiyoshi / 三木清,"語られざる哲学 (The Unspoken Philosophy, 1927)",54996,frantz-fanon,61216,0.502
Miki Kiyoshi / 三木清,"語られざる哲学 (The Unspoken Philosophy, 1927)",54996,frederick-douglass,86476,0.5031
Miki Kiyoshi / 三木清,"語られざる哲学 (The Unspoken Philosophy, 1927)",54996,frege,117516,0.463
Miki Kiyoshi / 三木清,"語られざる哲学 (The Unspoken Philosophy, 1927)",54996,friedrich-hayek,67758,0.5381
Miki Kiyoshi / 三木清,"語られざる哲学 (The Unspoken Philosophy, 1927)",54996,friedrich-jacobi,100953,0.6015
Miki Kiyoshi / 三木清,"語られざる哲学 (The Unspoken Philosophy, 1927)",54996,friedrich-lange,99637,0.6314
Miki Kiyoshi / 三木清,"語られざる哲学 (The Unspoken Philosophy, 1927)",54996,fuller-margaret,41898,0.4999
Miki Kiyoshi / 三木清,"語られざる哲学 (The Unspoken Philosophy, 1927)",54996,gadamer,64826,0.6099
Miki Kiyoshi / 三木清,"語られざる哲学 (The Unspoken Philosophy, 1927)",54996,galen,114333,0.6731
Miki Kiyoshi / 三木清,"語られざる哲学 (The Unspoken Philosophy, 1927)",54996,galileo,87896,0.5044
Miki Kiyoshi / 三木清,"語られざる哲学 (The Unspoken Philosophy, 1927)",54996,gangesa,114855,0.608
Miki Kiyoshi / 三木清,"語られざる哲学 (The Unspoken Philosophy, 1927)",54996,gassendi,117622,0.6197
Miki Kiyoshi / 三木清,"語られざる哲学 (The Unspoken Philosophy, 1927)",54996,gasset,181593,0.7377
Miki Kiyoshi / 三木清,"語られざる哲学 (The Unspoken Philosophy, 1927)",54996,gersonides,51191,0.5986
Miki Kiyoshi / 三木清,"語られざる哲学 (The Unspoken Philosophy, 1927)",54996,giles,56142,0.5343
Miki Kiyoshi / 三木清,"語られざる哲学 (The Unspoken Philosophy, 1927)",54996,godfrey,58449,0.6592
Miki Kiyoshi / 三木清,"語られざる哲学 (The Unspoken Philosophy, 1927)",54996,godwin,41518,0.6486
Miki Kiyoshi / 三木清,"語られざる哲学 (The Unspoken Philosophy, 1927)",54996,goedel,127795,0.4479
Miki Kiyoshi / 三木清,"語られざる哲学 (The Unspoken Philosophy, 1927)",54996,gomez-pereira,68999,0.7182
Miki Kiyoshi / 三木清,"語られざる哲学 (The Unspoken Philosophy, 1927)",54996,goodman,89248,0.5801
Miki Kiyoshi / 三木清,"語られざる哲学 (The Unspoken Philosophy, 1927)",54996,gorampa,40034,0.597
Miki Kiyoshi / 三木清,"語られざる哲学 (The Unspoken Philosophy, 1927)",54996,gramsci,70157,0.4999
Miki Kiyoshi / 三木清,"語られざる哲学 (The Unspoken Philosophy, 1927)",54996,green,96989,0.6781
Miki Kiyoshi / 三木清,"語られざる哲学 (The Unspoken Philosophy, 1927)",54996,gregory-rimini,59498,0.5897
Miki Kiyoshi / 三木清,"語られざる哲学 (The Unspoken Philosophy, 1927)",54996,grice,60807,0.6484
Miki Kiyoshi / 三木清,"語られざる哲学 (The Unspoken Philosophy, 1927)",54996,grosseteste,95880,0.6111
Miki Kiyoshi / 三木清,"語られざる哲学 (The Unspoken Philosophy, 1927)",54996,grotius,68392,0.5854
Miki Kiyoshi / 三木清,"語られざる哲学 (The Unspoken Philosophy, 1927)",54996,habermas,210528,0.6125
Miki Kiyoshi / 三木清,"語られざる哲学 (The Unspoken Philosophy, 1927)",54996,halevi,90029,0.6959
Miki Kiyoshi / 三木清,"語られざる哲学 (The Unspoken Philosophy, 1927)",54996,hamann,62214,0.683
Miki Kiyoshi / 三木清,"語られざる哲学 (The Unspoken Philosophy, 1927)",54996,hare,83633,0.7713
Miki Kiyoshi / 三木清,"語られざる哲学 (The Unspoken Philosophy, 1927)",54996,harriet-mill,51878,0.511
Miki Kiyoshi / 三木清,"語られざる哲学 (The Unspoken Philosophy, 1927)",54996,hartley,87906,0.716
Miki Kiyoshi / 三木清,"語られざる哲学 (The Unspoken Philosophy, 1927)",54996,hartshorne,76892,0.7189
Miki Kiyoshi / 三木清,"語られざる哲学 (The Unspoken Philosophy, 1927)",54996,hegel,150291,0.6779
Miki Kiyoshi / 三木清,"語られざる哲学 (The Unspoken Philosophy, 1927)",54996,heidegger,197896,0.6728
Miki Kiyoshi / 三木清,"語られざる哲学 (The Unspoken Philosophy, 1927)",54996,heinrich-rickert,108833,0.7072
Miki Kiyoshi / 三木清,"語られざる哲学 (The Unspoken Philosophy, 1927)",54996,hempel,112538,0.5862
Miki Kiyoshi / 三木清,"語られざる哲学 (The Unspoken Philosophy, 1927)",54996,henricus-regius,47479,0.6371
Miki Kiyoshi / 三木清,"語られざる哲学 (The Unspoken Philosophy, 1927)",54996,henry-ghent,85659,0.6991
Miki Kiyoshi / 三木清,"語られざる哲学 (The Unspoken Philosophy, 1927)",54996,henry-more,122075,0.7441
Miki Kiyoshi / 三木清,"語られざる哲学 (The Unspoken Philosophy, 1927)",54996,heraclitus,44673,0.6604
Miki Kiyoshi / 三木清,"語られざる哲学 (The Unspoken Philosophy, 1927)",54996,herder,168258,0.6786
Miki Kiyoshi / 三木清,"語られざる哲学 (The Unspoken Philosophy, 1927)",54996,hermann-helmholtz,98320,0.5101
Miki Kiyoshi / 三木清,"語られざる哲学 (The Unspoken Philosophy, 1927)",54996,hermann-lotze,99004,0.7528
Miki Kiyoshi / 三木清,"語られざる哲学 (The Unspoken Philosophy, 1927)",54996,heytesbury,85920,0.5481
Miki Kiyoshi / 三木清,"語られざる哲学 (The Unspoken Philosophy, 1927)",54996,hobbes,63819,0.565
Miki Kiyoshi / 三木清,"語られざる哲学 (The Unspoken Philosophy, 1927)",54996,holbach,34477,0.6452
Miki Kiyoshi / 三木清,"語られざる哲学 (The Unspoken Philosophy, 1927)",54996,holkot,49096,0.6466
Miki Kiyoshi / 三木清,"語られざる哲学 (The Unspoken Philosophy, 1927)",54996,horkheimer,75665,0.6773
Miki Kiyoshi / 三木清,"語られざる哲学 (The Unspoken Philosophy, 1927)",54996,hume,129304,0.7566
Miki Kiyoshi / 三木清,"語られざる哲学 (The Unspoken Philosophy, 1927)",54996,husserl,152478,0.7401
Miki Kiyoshi / 三木清,"語られざる哲学 (The Unspoken Philosophy, 1927)",54996,hutcheson,74415,0.7677
Miki Kiyoshi / 三木清,"語られざる哲学 (The Unspoken Philosophy, 1927)",54996,iamblichus,107043,0.6384
Miki Kiyoshi / 三木清,"語られざる哲学 (The Unspoken Philosophy, 1927)",54996,ibn-arabi,89646,0.6086
Miki Kiyoshi / 三木清,"語られざる哲学 (The Unspoken Philosophy, 1927)",54996,ibn-bajja,117735,0.6029
Miki Kiyoshi / 三木清,"語られざる哲学 (The Unspoken Philosophy, 1927)",54996,ibn-ezra,68386,0.592
Miki Kiyoshi / 三木清,"語られざる哲学 (The Unspoken Philosophy, 1927)",54996,ibn-gabirol,87218,0.6188
Miki Kiyoshi / 三木清,"語られざる哲学 (The Unspoken Philosophy, 1927)",54996,ibn-kammuna,58550,0.6293
Miki Kiyoshi / 三木清,"語られざる哲学 (The Unspoken Philosophy, 1927)",54996,ibn-rushd,137877,0.5771
Miki Kiyoshi / 三木清,"語られざる哲学 (The Unspoken Philosophy, 1927)",54996,ibn-sina,77240,0.6572
Miki Kiyoshi / 三木清,"語られざる哲学 (The Unspoken Philosophy, 1927)",54996,ingarden,52942,0.632
Miki Kiyoshi / 三木清,"語られざる哲学 (The Unspoken Philosophy, 1927)",54996,israeli,47269,0.5294
Miki Kiyoshi / 三木清,"語られざる哲学 (The Unspoken Philosophy, 1927)",54996,james,54711,0.7399
Miki Kiyoshi / 三木清,"語られざる哲学 (The Unspoken Philosophy, 1927)",54996,james-mill,69501,0.5901
Miki Kiyoshi / 三木清,"語られざる哲学 (The Unspoken Philosophy, 1927)",54996,james-viterbo,80068,0.6679
Miki Kiyoshi / 三木清,"語られざる哲学 (The Unspoken Philosophy, 1927)",54996,james-ward,43653,0.7481
Miki Kiyoshi / 三木清,"語られざる哲学 (The Unspoken Philosophy, 1927)",54996,jaspers,78855,0.681
Miki Kiyoshi / 三木清,"語られざる哲学 (The Unspoken Philosophy, 1927)",54996,jayaraasi,54565,0.5909
Miki Kiyoshi / 三木清,"語られざる哲学 (The Unspoken Philosophy, 1927)",54996,jefferson,103378,0.5599
Miki Kiyoshi / 三木清,"語られざる哲学 (The Unspoken Philosophy, 1927)",54996,joane-petrizi,31183,0.5127
Miki Kiyoshi / 三木清,"語られざる哲学 (The Unspoken Philosophy, 1927)",54996,johann-fichte,85456,0.6656
Miki Kiyoshi / 三木清,"語られざる哲学 (The Unspoken Philosophy, 1927)",54996,johann-herbart,145051,0.7179
Miki Kiyoshi / 三木清,"語られざる哲学 (The Unspoken Philosophy, 1927)",54996,johann-sturm,57886,0.6111
Miki Kiyoshi / 三木清,"語られざる哲学 (The Unspoken Philosophy, 1927)",54996,john-norris,59224,0.7049
Miki Kiyoshi / 三木清,"語られざる哲学 (The Unspoken Philosophy, 1927)",54996,john-salisbury,1878,0.54
Miki Kiyoshi / 三木清,"語られざる哲学 (The Unspoken Philosophy, 1927)",54996,justus-lipsius,57626,0.6094
Miki Kiyoshi / 三木清,"語られざる哲学 (The Unspoken Philosophy, 1927)",54996,kant,148977,0.7631
Miki Kiyoshi / 三木清,"語られざる哲学 (The Unspoken Philosophy, 1927)",54996,karl-reinhold,71721,0.6181
Miki Kiyoshi / 三木清,"語られざる哲学 (The Unspoken Philosophy, 1927)",54996,kaspi-joseph,33382,0.5432
Miki Kiyoshi / 三木清,"語られざる哲学 (The Unspoken Philosophy, 1927)",54996,kepler,80866,0.4102
Miki Kiyoshi / 三木清,"語られざる哲学 (The Unspoken Philosophy, 1927)",54996,kierkegaard,119676,0.6693
Miki Kiyoshi / 三木清,"語られざる哲学 (The Unspoken Philosophy, 1927)",54996,kilvington,69161,0.5915
Miki Kiyoshi / 三木清,"語られざる哲学 (The Unspoken Philosophy, 1927)",54996,kukai,117555,0.517
Miki Kiyoshi / 三木清,"語られざる哲学 (The Unspoken Philosophy, 1927)",54996,kumaarila,103698,0.591
Miki Kiyoshi / 三木清,"語られざる哲学 (The Unspoken Philosophy, 1927)",54996,la-forge,48296,0.6273
Miki Kiyoshi / 三木清,"語られざる哲学 (The Unspoken Philosophy, 1927)",54996,lacan,91125,0.63
Miki Kiyoshi / 三木清,"語られざる哲学 (The Unspoken Philosophy, 1927)",54996,lady-masham,22883,0.5931
Miki Kiyoshi / 三木清,"語られざる哲学 (The Unspoken Philosophy, 1927)",54996,lakatos,123681,0.6056
Miki Kiyoshi / 三木清,"語られざる哲学 (The Unspoken Philosophy, 1927)",54996,lambert-auxerre,31294,0.4399
Miki Kiyoshi / 三木清,"語られざる哲学 (The Unspoken Philosophy, 1927)",54996,laozi,117361,0.4749
Miki Kiyoshi / 三木清,"語られざる哲学 (The Unspoken Philosophy, 1927)",54996,lefevre-etaples,88711,0.5798
Miki Kiyoshi / 三木清,"語られざる哲学 (The Unspoken Philosophy, 1927)",54996,legrand,35143,0.6718
Miki Kiyoshi / 三木清,"語られざる哲学 (The Unspoken Philosophy, 1927)",54996,leibniz,118441,0.6792
Miki Kiyoshi / 三木清,"語られざる哲学 (The Unspoken Philosophy, 1927)",54996,leibowitz-yeshayahu,100330,0.6121
Miki Kiyoshi / 三木清,"語られざる哲学 (The Unspoken Philosophy, 1927)",54996,lesniewski,100489,0.489
Miki Kiyoshi / 三木清,"語られざる哲学 (The Unspoken Philosophy, 1927)",54996,leucippus,10237,0.5239
Miki Kiyoshi / 三木清,"語られざる哲学 (The Unspoken Philosophy, 1927)",54996,levinas,205903,0.7125
Miki Kiyoshi / 三木清,"語られざる哲学 (The Unspoken Philosophy, 1927)",54996,lewis-ci,137094,0.6829
Miki Kiyoshi / 三木清,"語られざる哲学 (The Unspoken Philosophy, 1927)",54996,llull,65388,0.6194
Miki Kiyoshi / 三木清,"語られざる哲学 (The Unspoken Philosophy, 1927)",54996,locke,151674,0.6691
Miki Kiyoshi / 三木清,"語られざる哲学 (The Unspoken Philosophy, 1927)",54996,lorenzo-valla,68150,0.6511
Miki Kiyoshi / 三木清,"語られざる哲学 (The Unspoken Philosophy, 1927)",54996,lucretius,93987,0.6409
Miki Kiyoshi / 三木清,"語られざる哲学 (The Unspoken Philosophy, 1927)",54996,lucrezia-marinella,75942,0.5958
Miki Kiyoshi / 三木清,"語られざる哲学 (The Unspoken Philosophy, 1927)",54996,ludwig-feuerbach,117272,0.7488
Miki Kiyoshi / 三木清,"語られざる哲学 (The Unspoken Philosophy, 1927)",54996,lukacs,84944,0.6539
Miki Kiyoshi / 三木清,"語られざる哲学 (The Unspoken Philosophy, 1927)",54996,lukasiewicz,83393,0.5142
Miki Kiyoshi / 三木清,"語られざる哲学 (The Unspoken Philosophy, 1927)",54996,luther,118515,0.6102
Miki Kiyoshi / 三木清,"語られざる哲学 (The Unspoken Philosophy, 1927)",54996,luxemburg,73718,0.4503
Miki Kiyoshi / 三木清,"語られざる哲学 (The Unspoken Philosophy, 1927)",54996,lyotard,65083,0.6799
Miki Kiyoshi / 三木清,"語られざる哲学 (The Unspoken Philosophy, 1927)",54996,machiavelli,66259,0.5471
Miki Kiyoshi / 三木清,"語られざる哲学 (The Unspoken Philosophy, 1927)",54996,madeleine-scudery,59378,0.7171
Miki Kiyoshi / 三木清,"語られざる哲学 (The Unspoken Philosophy, 1927)",54996,maimon,76867,0.6806
Miki Kiyoshi / 三木清,"語られざる哲学 (The Unspoken Philosophy, 1927)",54996,maimonides,61859,0.7424
Miki Kiyoshi / 三木清,"語られざる哲学 (The Unspoken Philosophy, 1927)",54996,maimonides-islamic,149107,0.7166
Miki Kiyoshi / 三木清,"語られざる哲学 (The Unspoken Philosophy, 1927)",54996,malebranche,65124,0.6403
Miki Kiyoshi / 三木清,"語られざる哲学 (The Unspoken Philosophy, 1927)",54996,mally,67597,0.6539
Miki Kiyoshi / 三木清,"語られざる哲学 (The Unspoken Philosophy, 1927)",54996,marcel,80460,0.8386
Miki Kiyoshi / 三木清,"語られざる哲学 (The Unspoken Philosophy, 1927)",54996,marcus-aurelius,52698,0.7481
Miki Kiyoshi / 三木清,"語られざる哲学 (The Unspoken Philosophy, 1927)",54996,marcuse,85792,0.6288
Miki Kiyoshi / 三木清,"語られざる哲学 (The Unspoken Philosophy, 1927)",54996,margaret-cavendish,155591,0.722
Miki Kiyoshi / 三木清,"語られざる哲学 (The Unspoken Philosophy, 1927)",54996,margaret-fell,66751,0.5674
Miki Kiyoshi / 三木清,"語られざる哲学 (The Unspoken Philosophy, 1927)",54996,maritain,110854,0.6912
Miki Kiyoshi / 三木清,"語られざる哲学 (The Unspoken Philosophy, 1927)",54996,marsilius-inghen,39243,0.6361
Miki Kiyoshi / 三木清,"語られざる哲学 (The Unspoken Philosophy, 1927)",54996,marty,80853,0.609
Miki Kiyoshi / 三木清,"語られざる哲学 (The Unspoken Philosophy, 1927)",54996,marx,109131,0.603
Miki Kiyoshi / 三木清,"語られざる哲学 (The Unspoken Philosophy, 1927)",54996,mary-shepherd,62884,0.6573
Miki Kiyoshi / 三木清,"語られざる哲学 (The Unspoken Philosophy, 1927)",54996,max-stirner,56436,0.6864
Miki Kiyoshi / 三木清,"語られざる哲学 (The Unspoken Philosophy, 1927)",54996,mctaggart,66771,0.6283
Miki Kiyoshi / 三木清,"語られざる哲学 (The Unspoken Philosophy, 1927)",54996,mead,71936,0.7022
Miki Kiyoshi / 三木清,"語られざる哲学 (The Unspoken Philosophy, 1927)",54996,meinong,139971,0.6488
Miki Kiyoshi / 三木清,"語られざる哲学 (The Unspoken Philosophy, 1927)",54996,meister-eckhart,109470,0.7168
Miki Kiyoshi / 三木清,"語られざる哲学 (The Unspoken Philosophy, 1927)",54996,mencius,69127,0.7038
Miki Kiyoshi / 三木清,"語られざる哲学 (The Unspoken Philosophy, 1927)",54996,mendelssohn,82159,0.7118
Miki Kiyoshi / 三木清,"語られざる哲学 (The Unspoken Philosophy, 1927)",54996,merleau-ponty,103995,0.7235
Miki Kiyoshi / 三木清,"語られざる哲学 (The Unspoken Philosophy, 1927)",54996,mersenne,88368,0.6597
Miki Kiyoshi / 三木清,"語られざる哲学 (The Unspoken Philosophy, 1927)",54996,michel-henry,67455,0.7122
Miki Kiyoshi / 三木清,"語られざる哲学 (The Unspoken Philosophy, 1927)",54996,mill,116650,0.7168
Miki Kiyoshi / 三木清,"語られざる哲学 (The Unspoken Philosophy, 1927)",54996,montaigne,48621,0.6803
Miki Kiyoshi / 三木清,"語られざる哲学 (The Unspoken Philosophy, 1927)",54996,montesquieu,51662,0.5686
Miki Kiyoshi / 三木清,"語られざる哲学 (The Unspoken Philosophy, 1927)",54996,moore,56230,0.6754
Miki Kiyoshi / 三木清,"語られざる哲学 (The Unspoken Philosophy, 1927)",54996,mulla-sadra,116952,0.7112
Miki Kiyoshi / 三木清,"語られざる哲学 (The Unspoken Philosophy, 1927)",54996,murdoch,103932,0.6944
Miki Kiyoshi / 三木清,"語られざる哲学 (The Unspoken Philosophy, 1927)",54996,nagarjuna,90278,0.698
Miki Kiyoshi / 三木清,"語られざる哲学 (The Unspoken Philosophy, 1927)",54996,natorp,91653,0.6335
Miki Kiyoshi / 三木清,"語られざる哲学 (The Unspoken Philosophy, 1927)",54996,newton,41696,0.4872
Miki Kiyoshi / 三木清,"語られざる哲学 (The Unspoken Philosophy, 1927)",54996,nicolai-hartmann,106622,0.6659
Miki Kiyoshi / 三木清,"語られざる哲学 (The Unspoken Philosophy, 1927)",54996,nicole-oresme,43962,0.4568
Miki Kiyoshi / 三木清,"語られざる哲学 (The Unspoken Philosophy, 1927)",54996,nietzsche,155475,0.7487
Miki Kiyoshi / 三木清,"語られざる哲学 (The Unspoken Philosophy, 1927)",54996,nishida-kitaro,125671,0.6559
Miki Kiyoshi / 三木清,"語られざる哲学 (The Unspoken Philosophy, 1927)",54996,novalis,66132,0.6927
Miki Kiyoshi / 三木清,"語られざる哲学 (The Unspoken Philosophy, 1927)",54996,nozick-political,113594,0.5855
Miki Kiyoshi / 三木清,"語られざる哲学 (The Unspoken Philosophy, 1927)",54996,numenius,82271,0.6236
Miki Kiyoshi / 三木清,"語られざる哲学 (The Unspoken Philosophy, 1927)",54996,oakeshott,61423,0.6385
Miki Kiyoshi / 三木清,"語られざる哲学 (The Unspoken Philosophy, 1927)",54996,ockham,96308,0.6438
Miki Kiyoshi / 三木清,"語られざる哲学 (The Unspoken Philosophy, 1927)",54996,olivi,102678,0.7426
Miki Kiyoshi / 三木清,"語られざる哲学 (The Unspoken Philosophy, 1927)",54996,olympiodorus,32296,0.6199
Miki Kiyoshi / 三木清,"語られざる哲学 (The Unspoken Philosophy, 1927)",54996,origen,71130,0.643
Miki Kiyoshi / 三木清,"語られざる哲学 (The Unspoken Philosophy, 1927)",54996,paine,57196,0.5304
Miki Kiyoshi / 三木清,"語られざる哲学 (The Unspoken Philosophy, 1927)",54996,parmenides,103160,0.6684
Miki Kiyoshi / 三木清,"語られざる哲学 (The Unspoken Philosophy, 1927)",54996,pascal,57239,0.6544
Miki Kiyoshi / 三木清,"語られざる哲学 (The Unspoken Philosophy, 1927)",54996,patrizi,50425,0.5629
Miki Kiyoshi / 三木清,"語られざる哲学 (The Unspoken Philosophy, 1927)",54996,paul-venice,94097,0.6821
Miki Kiyoshi / 三木清,"語られざる哲学 (The Unspoken Philosophy, 1927)",54996,peirce,116115,0.5909
Miki Kiyoshi / 三木清,"語られざる哲学 (The Unspoken Philosophy, 1927)",54996,peirce-benjamin,13541,0.4838
Miki Kiyoshi / 三木清,"語られざる哲学 (The Unspoken Philosophy, 1927)",54996,penbygull,21640,0.5908
Miki Kiyoshi / 三木清,"語られざる哲学 (The Unspoken Philosophy, 1927)",54996,peter-damian,41882,0.5981
Miki Kiyoshi / 三木清,"語られざる哲学 (The Unspoken Philosophy, 1927)",54996,peter-spain,42361,0.5546
Miki Kiyoshi / 三木清,"語られざる哲学 (The Unspoken Philosophy, 1927)",54996,philip-chancellor,43687,0.6632
Miki Kiyoshi / 三木清,"語られざる哲学 (The Unspoken Philosophy, 1927)",54996,philippa-foot,73201,0.7294
Miki Kiyoshi / 三木清,"語られざる哲学 (The Unspoken Philosophy, 1927)",54996,philo,122474,0.6605
Miki Kiyoshi / 三木清,"語られざる哲学 (The Unspoken Philosophy, 1927)",54996,philo-larissa,70351,0.6638
Miki Kiyoshi / 三木清,"語られざる哲学 (The Unspoken Philosophy, 1927)",54996,philodemus,110712,0.6404
Miki Kiyoshi / 三木清,"語られざる哲学 (The Unspoken Philosophy, 1927)",54996,philolaus,108781,0.5327
Miki Kiyoshi / 三木清,"語られざる哲学 (The Unspoken Philosophy, 1927)",54996,philoponus,54181,0.6147
Miki Kiyoshi / 三木清,"語られざる哲学 (The Unspoken Philosophy, 1927)",54996,pico-della-mirandola,66744,0.5755
Miki Kiyoshi / 三木清,"語られざる哲学 (The Unspoken Philosophy, 1927)",54996,plato,71433,0.652
Miki Kiyoshi / 三木清,"語られざる哲学 (The Unspoken Philosophy, 1927)",54996,plotinus,95350,0.6956
Miki Kiyoshi / 三木清,"語られざる哲学 (The Unspoken Philosophy, 1927)",54996,plutarch,114257,0.6773
Miki Kiyoshi / 三木清,"語られざる哲学 (The Unspoken Philosophy, 1927)",54996,poincare,103220,0.5207
Miki Kiyoshi / 三木清,"語られざる哲学 (The Unspoken Philosophy, 1927)",54996,polqar,58613,0.6109
Miki Kiyoshi / 三木清,"語られざる哲学 (The Unspoken Philosophy, 1927)",54996,pomponazzi,66395,0.6767
Miki Kiyoshi / 三木清,"語られざる哲学 (The Unspoken Philosophy, 1927)",54996,popper,91522,0.6508
Miki Kiyoshi / 三木清,"語られざる哲学 (The Unspoken Philosophy, 1927)",54996,porphyry,45207,0.636
Miki Kiyoshi / 三木清,"語られざる哲学 (The Unspoken Philosophy, 1927)",54996,prichard,52049,0.7133
Miki Kiyoshi / 三木清,"語られざる哲学 (The Unspoken Philosophy, 1927)",54996,prior,129545,0.5806
Miki Kiyoshi / 三木清,"語られざる哲学 (The Unspoken Philosophy, 1927)",54996,proclus,123276,0.6178
Miki Kiyoshi / 三木清,"語られざる哲学 (The Unspoken Philosophy, 1927)",54996,protagoras,77250,0.6837
Miki Kiyoshi / 三木清,"語られざる哲学 (The Unspoken Philosophy, 1927)",54996,pseudo-dionysius-areopagite,75315,0.6221
Miki Kiyoshi / 三木清,"語られざる哲学 (The Unspoken Philosophy, 1927)",54996,pyrrho,57471,0.6848
Miki Kiyoshi / 三木清,"語られざる哲学 (The Unspoken Philosophy, 1927)",54996,pythagoras,118648,0.5132
Miki Kiyoshi / 三木清,"語られざる哲学 (The Unspoken Philosophy, 1927)",54996,quine,105292,0.6469
Miki Kiyoshi / 三木清,"語られざる哲学 (The Unspoken Philosophy, 1927)",54996,radulphus-brito,64884,0.6547
Miki Kiyoshi / 三木清,"語られざる哲学 (The Unspoken Philosophy, 1927)",54996,ramsey,157347,0.573
Miki Kiyoshi / 三木清,"語られざる哲学 (The Unspoken Philosophy, 1927)",54996,ramus,91673,0.5682
Miki Kiyoshi / 三木清,"語られざる哲学 (The Unspoken Philosophy, 1927)",54996,rawls,105810,0.5022
Miki Kiyoshi / 三木清,"語られざる哲学 (The Unspoken Philosophy, 1927)",54996,reichenbach,136039,0.4954
Miki Kiyoshi / 三木清,"語られざる哲学 (The Unspoken Philosophy, 1927)",54996,reid,181211,0.7317
Miki Kiyoshi / 三木清,"語られざる哲学 (The Unspoken Philosophy, 1927)",54996,reinach,41703,0.7031
Miki Kiyoshi / 三木清,"語られざる哲学 (The Unspoken Philosophy, 1927)",54996,richard-price,96378,0.7271
Miki Kiyoshi / 三木清,"語られざる哲学 (The Unspoken Philosophy, 1927)",54996,ricoeur,56670,0.7359
Miki Kiyoshi / 三木清,"語られざる哲学 (The Unspoken Philosophy, 1927)",54996,robert-kilwardby,148886,0.6751
Miki Kiyoshi / 三木清,"語られざる哲学 (The Unspoken Philosophy, 1927)",54996,roger-bacon,146776,0.5803
Miki Kiyoshi / 三木清,"語られざる哲学 (The Unspoken Philosophy, 1927)",54996,rorty,71793,0.6813
Miki Kiyoshi / 三木清,"語られざる哲学 (The Unspoken Philosophy, 1927)",54996,rosenstock-huessy,97123,0.7435
Miki Kiyoshi / 三木清,"語られざる哲学 (The Unspoken Philosophy, 1927)",54996,rosenzweig,96984,0.6478
Miki Kiyoshi / 三木清,"語られざる哲学 (The Unspoken Philosophy, 1927)",54996,rousseau,67496,0.6404
Miki Kiyoshi / 三木清,"語られざる哲学 (The Unspoken Philosophy, 1927)",54996,royce,98956,0.6509
Miki Kiyoshi / 三木清,"語られざる哲学 (The Unspoken Philosophy, 1927)",54996,russell,132015,0.6399
Miki Kiyoshi / 三木清,"語られざる哲学 (The Unspoken Philosophy, 1927)",54996,ryle,105532,0.7428
Miki Kiyoshi / 三木清,"語られざる哲学 (The Unspoken Philosophy, 1927)",54996,saadya,49838,0.6026
Miki Kiyoshi / 三木清,"語られざる哲学 (The Unspoken Philosophy, 1927)",54996,saantarak-sita,55734,0.6207
Miki Kiyoshi / 三木清,"語られざる哲学 (The Unspoken Philosophy, 1927)",54996,sakya-pandita,61059,0.5839
Miki Kiyoshi / 三木清,"語られざる哲学 (The Unspoken Philosophy, 1927)",54996,santayana,74763,0.6847
Miki Kiyoshi / 三木清,"語られざる哲学 (The Unspoken Philosophy, 1927)",54996,sartre,101754,0.7283
Miki Kiyoshi / 三木清,"語られざる哲学 (The Unspoken Philosophy, 1927)",54996,scheler,95052,0.7549
Miki Kiyoshi / 三木清,"語られざる哲学 (The Unspoken Philosophy, 1927)",54996,schelling,95712,0.7385
Miki Kiyoshi / 三木清,"語られざる哲学 (The Unspoken Philosophy, 1927)",54996,schiller,83194,0.7728
Miki Kiyoshi / 三木清,"語られざる哲学 (The Unspoken Philosophy, 1927)",54996,schlegel,29105,0.5605
Miki Kiyoshi / 三木清,"語られざる哲学 (The Unspoken Philosophy, 1927)",54996,schlegel-aw,92971,0.5518
Miki Kiyoshi / 三木清,"語られざる哲学 (The Unspoken Philosophy, 1927)",54996,schleiermacher,144331,0.6394
Miki Kiyoshi / 三木清,"語られざる哲学 (The Unspoken Philosophy, 1927)",54996,schlick,112805,0.5997
Miki Kiyoshi / 三木清,"語られざる哲学 (The Unspoken Philosophy, 1927)",54996,schmitt,89721,0.4779
Miki Kiyoshi / 三木清,"語られざる哲学 (The Unspoken Philosophy, 1927)",54996,scholem,60788,0.4884
Miki Kiyoshi / 三木清,"語られざる哲学 (The Unspoken Philosophy, 1927)",54996,scholz,27919,0.4119
Miki Kiyoshi / 三木清,"語られざる哲学 (The Unspoken Philosophy, 1927)",54996,schopenhauer,83036,0.7297
Miki Kiyoshi / 三木清,"語られざる哲学 (The Unspoken Philosophy, 1927)",54996,schutz,80445,0.6264
Miki Kiyoshi / 三木清,"語られざる哲学 (The Unspoken Philosophy, 1927)",54996,scottus-eriugena,94103,0.6379
Miki Kiyoshi / 三木清,"語られざる哲学 (The Unspoken Philosophy, 1927)",54996,sellars,117210,0.674
Miki Kiyoshi / 三木清,"語られざる哲学 (The Unspoken Philosophy, 1927)",54996,seneca,105936,0.7223
Miki Kiyoshi / 三木清,"語られざる哲学 (The Unspoken Philosophy, 1927)",54996,sextus-empiricus,109548,0.6791
Miki Kiyoshi / 三木清,"語られざる哲学 (The Unspoken Philosophy, 1927)",54996,shaftesbury,2192,0.5653
Miki Kiyoshi / 三木清,"語られざる哲学 (The Unspoken Philosophy, 1927)",54996,shankara,89230,0.7115
Miki Kiyoshi / 三木清,"語られざる哲学 (The Unspoken Philosophy, 1927)",54996,shantideva,72337,0.7119
Miki Kiyoshi / 三木清,"語られざる哲学 (The Unspoken Philosophy, 1927)",54996,sharpe,50729,0.6202
Miki Kiyoshi / 三木清,"語られざる哲学 (The Unspoken Philosophy, 1927)",54996,sidgwick,176811,0.7481
Miki Kiyoshi / 三木清,"語られざる哲学 (The Unspoken Philosophy, 1927)",54996,sidney-hook,110797,0.6443
Miki Kiyoshi / 三木清,"語られざる哲学 (The Unspoken Philosophy, 1927)",54996,simon-faversham,45088,0.6876
Miki Kiyoshi / 三木清,"語られざる哲学 (The Unspoken Philosophy, 1927)",54996,simone-weil,78561,0.7109
Miki Kiyoshi / 三木清,"語られざる哲学 (The Unspoken Philosophy, 1927)",54996,simplicius,96839,0.5735
Miki Kiyoshi / 三木清,"語られざる哲学 (The Unspoken Philosophy, 1927)",54996,socrates,88031,0.6128
Miki Kiyoshi / 三木清,"語られざる哲学 (The Unspoken Philosophy, 1927)",54996,sophie-de-grouchy,55009,0.6162
Miki Kiyoshi / 三木清,"語られざる哲学 (The Unspoken Philosophy, 1927)",54996,spencer,56620,0.6142
Miki Kiyoshi / 三木清,"語られざる哲学 (The Unspoken Philosophy, 1927)",54996,speusippus,60321,0.6098
Miki Kiyoshi / 三木清,"語られざる哲学 (The Unspoken Philosophy, 1927)",54996,spinoza,91786,0.7732
Miki Kiyoshi / 三木清,"語られざる哲学 (The Unspoken Philosophy, 1927)",54996,sriharsa,104242,0.6273
Miki Kiyoshi / 三木清,"語られざる哲学 (The Unspoken Philosophy, 1927)",54996,stebbing,55346,0.6243
Miki Kiyoshi / 三木清,"語られざる哲学 (The Unspoken Philosophy, 1927)",54996,stein,145387,0.7424
Miki Kiyoshi / 三木清,"語られざる哲学 (The Unspoken Philosophy, 1927)",54996,stevenson,85779,0.6882
Miki Kiyoshi / 三木清,"語られざる哲学 (The Unspoken Philosophy, 1927)",54996,strauss-leo,64850,0.6353
Miki Kiyoshi / 三木清,"語られざる哲学 (The Unspoken Philosophy, 1927)",54996,strawson,72046,0.6536
Miki Kiyoshi / 三木清,"語られざる哲学 (The Unspoken Philosophy, 1927)",54996,stumpf,112239,0.5841
Miki Kiyoshi / 三木清,"語られざる哲学 (The Unspoken Philosophy, 1927)",54996,suarez,125433,0.6831
Miki Kiyoshi / 三木清,"語られざる哲学 (The Unspoken Philosophy, 1927)",54996,suhrawardi,108375,0.611
Miki Kiyoshi / 三木清,"語られざる哲学 (The Unspoken Philosophy, 1927)",54996,susman-margarete,76293,0.6837
Miki Kiyoshi / 三木清,"語られざる哲学 (The Unspoken Philosophy, 1927)",54996,sylvan-routley,115072,0.6647
Miki Kiyoshi / 三木清,"語られざる哲学 (The Unspoken Philosophy, 1927)",54996,syrianus,97154,0.5699
Miki Kiyoshi / 三木清,"語られざる哲学 (The Unspoken Philosophy, 1927)",54996,tarski,86038,0.471
Miki Kiyoshi / 三木清,"語られざる哲学 (The Unspoken Philosophy, 1927)",54996,taurellus,51823,0.6569
Miki Kiyoshi / 三木清,"語られざる哲学 (The Unspoken Philosophy, 1927)",54996,telesio,40426,0.6087
Miki Kiyoshi / 三木清,"語られざる哲学 (The Unspoken Philosophy, 1927)",54996,theophrastus,91516,0.6219
Miki Kiyoshi / 三木清,"語られざる哲学 (The Unspoken Philosophy, 1927)",54996,thomas-kuhn,95209,0.5809
Miki Kiyoshi / 三木清,"語られざる哲学 (The Unspoken Philosophy, 1927)",54996,thomas-more,75732,0.6949
Miki Kiyoshi / 三木清,"語られざる哲学 (The Unspoken Philosophy, 1927)",54996,thoreau,43886,0.7526
Miki Kiyoshi / 三木清,"語られざる哲学 (The Unspoken Philosophy, 1927)",54996,tibbon,63044,0.5253
Miki Kiyoshi / 三木清,"語られざる哲学 (The Unspoken Philosophy, 1927)",54996,timon-phlius,30753,0.5799
Miki Kiyoshi / 三木清,"語られざる哲学 (The Unspoken Philosophy, 1927)",54996,tsongkhapa,82475,0.4934
Miki Kiyoshi / 三木清,"語られざる哲学 (The Unspoken Philosophy, 1927)",54996,turing,70634,0.4742
Miki Kiyoshi / 三木清,"語られざる哲学 (The Unspoken Philosophy, 1927)",54996,twardowski,79479,0.5936
Miki Kiyoshi / 三木清,"語られざる哲学 (The Unspoken Philosophy, 1927)",54996,umar-khayyam,94432,0.5765
Miki Kiyoshi / 三木清,"語られざる哲学 (The Unspoken Philosophy, 1927)",54996,vaihinger,64311,0.6931
Miki Kiyoshi / 三木清,"語られざる哲学 (The Unspoken Philosophy, 1927)",54996,vasubandhu,116641,0.6937
Miki Kiyoshi / 三木清,"語られざる哲学 (The Unspoken Philosophy, 1927)",54996,vico,42337,0.6184
Miki Kiyoshi / 三木清,"語られざる哲学 (The Unspoken Philosophy, 1927)",54996,vives,43013,0.6582
Miki Kiyoshi / 三木清,"語られざる哲学 (The Unspoken Philosophy, 1927)",54996,voltaire,87195,0.5759
Miki Kiyoshi / 三木清,"語られざる哲学 (The Unspoken Philosophy, 1927)",54996,walter-chatton,110366,0.6733
Miki Kiyoshi / 三木清,"語られざる哲学 (The Unspoken Philosophy, 1927)",54996,wang-yangming,49779,0.7013
Miki Kiyoshi / 三木清,"語られざる哲学 (The Unspoken Philosophy, 1927)",54996,watsuji-tetsuro,70157,0.636
Miki Kiyoshi / 三木清,"語られざる哲学 (The Unspoken Philosophy, 1927)",54996,weber,88898,0.6335
Miki Kiyoshi / 三木清,"語られざる哲学 (The Unspoken Philosophy, 1927)",54996,wesley-salmon,102457,0.485
Miki Kiyoshi / 三木清,"語られざる哲学 (The Unspoken Philosophy, 1927)",54996,weyl,344677,0.4316
Miki Kiyoshi / 三木清,"語られざる哲学 (The Unspoken Philosophy, 1927)",54996,whewell,60215,0.5945
Miki Kiyoshi / 三木清,"語られざる哲学 (The Unspoken Philosophy, 1927)",54996,whitehead,126351,0.6455
Miki Kiyoshi / 三木清,"語られざる哲学 (The Unspoken Philosophy, 1927)",54996,wilhelm-humboldt,101176,0.4578
Miki Kiyoshi / 三木清,"語られざる哲学 (The Unspoken Philosophy, 1927)",54996,wilhelm-windelband,71324,0.6917
Miki Kiyoshi / 三木清,"語られざる哲学 (The Unspoken Philosophy, 1927)",54996,wilhelm-wundt,83520,0.6699
Miki Kiyoshi / 三木清,"語られざる哲学 (The Unspoken Philosophy, 1927)",54996,william-auvergne,87618,0.6909
Miki Kiyoshi / 三木清,"語られざる哲学 (The Unspoken Philosophy, 1927)",54996,william-champeaux,51368,0.6463
Miki Kiyoshi / 三木清,"語られざる哲学 (The Unspoken Philosophy, 1927)",54996,william-david-ross,120186,0.6627
Miki Kiyoshi / 三木清,"語られざる哲学 (The Unspoken Philosophy, 1927)",54996,william-jevons,38920,0.5837
Miki Kiyoshi / 三木清,"語られざる哲学 (The Unspoken Philosophy, 1927)",54996,william-sherwood,33278,0.4737
Miki Kiyoshi / 三木清,"語られざる哲学 (The Unspoken Philosophy, 1927)",54996,williams-bernard,97259,0.7328
Miki Kiyoshi / 三木清,"語られざる哲学 (The Unspoken Philosophy, 1927)",54996,williams-dc,56136,0.6145
Miki Kiyoshi / 三木清,"語られざる哲学 (The Unspoken Philosophy, 1927)",54996,wilson,127113,0.6917
Miki Kiyoshi / 三木清,"語られざる哲学 (The Unspoken Philosophy, 1927)",54996,wittgenstein,85691,0.6383
Miki Kiyoshi / 三木清,"語られざる哲学 (The Unspoken Philosophy, 1927)",54996,wodeham,77994,0.6323
Miki Kiyoshi / 三木清,"語られざる哲学 (The Unspoken Philosophy, 1927)",54996,wolff-christian,125458,0.6724
Miki Kiyoshi / 三木清,"語られざる哲学 (The Unspoken Philosophy, 1927)",54996,wollstonecraft,66138,0.5716
Miki Kiyoshi / 三木清,"語られざる哲学 (The Unspoken Philosophy, 1927)",54996,wright,50233,0.681
Miki Kiyoshi / 三木清,"語られざる哲学 (The Unspoken Philosophy, 1927)",54996,wyclif,131895,0.6356
Miki Kiyoshi / 三木清,"語られざる哲学 (The Unspoken Philosophy, 1927)",54996,xenocrates,42984,0.5905
Miki Kiyoshi / 三木清,"語られざる哲学 (The Unspoken Philosophy, 1927)",54996,xenophanes,37845,0.6243
Miki Kiyoshi / 三木清,"語られざる哲学 (The Unspoken Philosophy, 1927)",54996,xunzi,52292,0.6487
Miki Kiyoshi / 三木清,"語られざる哲学 (The Unspoken Philosophy, 1927)",54996,yorck,55210,0.6597
Miki Kiyoshi / 三木清,"語られざる哲学 (The Unspoken Philosophy, 1927)",54996,zabarella,55317,0.6449
Miki Kiyoshi / 三木清,"語られざる哲学 (The Unspoken Philosophy, 1927)",54996,zeno-elea,66712,0.5755
Miki Kiyoshi / 三木清,"語られざる哲学 (The Unspoken Philosophy, 1927)",54996,zhu-xi,111196,0.588
Miki Kiyoshi / 三木清,"語られざる哲学 (The Unspoken Philosophy, 1927)",54996,zhuangzi,132308,0.6523
